event_id,shipment_id,batch_id,event_type,severity,title,description,timestamp,recommended_action,status
EVT-004-01,SHP-2026-104,BTC-SEA-5004,TEMPERATURE_EXCURSION,CRITICAL,Cold Chain Thermal Breach Detected,Temperature reached +6.5°C exceeding product threshold (-50.0°C),2026-09-09 14:47 UTC,Immediate inspector physical quality audit & thermal data download required,OPEN
EVT-004-03,SHP-2026-104,BTC-SEA-5004,TELEMETRY_GAP,WARNING,Missing Sensor Telemetry Records,Gaps detected in continuous 15-minute sensor logging stream,2026-09-09 14:47 UTC,Apply forward-fill imputation and flag in evidence pack,RESOLVED
EVT-005-02,SHP-2026-105,BTC-SEA-5005,CALIBRATION_EXPIRED,HIGH,Uncalibrated Sensor in Operation,Sensor SNS-1005 calibration expired on 2026-06-14,2026-09-09 16:47 UTC,Swap sensor with certified unit at next route checkpoint,OPEN
EVT-007-01,SHP-2026-107,BTC-SEA-5007,TEMPERATURE_EXCURSION,CRITICAL,Cold Chain Thermal Breach Detected,Temperature reached +10.2°C exceeding product threshold (-18.0°C),2026-09-09 20:47 UTC,Immediate inspector physical quality audit & thermal data download required,OPEN
EVT-008-03,SHP-2026-108,BTC-SEA-5008,TELEMETRY_GAP,WARNING,Missing Sensor Telemetry Records,Gaps detected in continuous 15-minute sensor logging stream,2026-09-09 22:47 UTC,Apply forward-fill imputation and flag in evidence pack,RESOLVED
EVT-012-01,SHP-2026-112,BTC-SEA-5012,TEMPERATURE_EXCURSION,CRITICAL,Cold Chain Thermal Breach Detected,Temperature reached +9.4°C exceeding product threshold (3.5°C),2026-09-10 06:47 UTC,Immediate inspector physical quality audit & thermal data download required,OPEN
EVT-018-03,SHP-2026-118,BTC-SEA-5018,TELEMETRY_GAP,WARNING,Missing Sensor Telemetry Records,Gaps detected in continuous 15-minute sensor logging stream,2026-09-10 18:47 UTC,Apply forward-fill imputation and flag in evidence pack,RESOLVED
EVT-021-03,SHP-2026-121,BTC-SEA-5021,TELEMETRY_GAP,WARNING,Missing Sensor Telemetry Records,Gaps detected in continuous 15-minute sensor logging stream,2026-09-11 00:47 UTC,Apply forward-fill imputation and flag in evidence pack,RESOLVED
EVT-022-01,SHP-2026-122,BTC-SEA-5022,TEMPERATURE_EXCURSION,CRITICAL,Cold Chain Thermal Breach Detected,Temperature reached +8.6°C exceeding product threshold (5.0°C),2026-09-11 02:47 UTC,Immediate inspector physical quality audit & thermal data download required,OPEN
EVT-022-03,SHP-2026-122,BTC-SEA-5022,TELEMETRY_GAP,WARNING,Missing Sensor Telemetry Records,Gaps detected in continuous 15-minute sensor logging stream,2026-09-11 02:47 UTC,Apply forward-fill imputation and flag in evidence pack,RESOLVED
EVT-025-01,SHP-2026-125,BTC-SEA-5025,TEMPERATURE_EXCURSION,CRITICAL,Cold Chain Thermal Breach Detected,Temperature reached +11.0°C exceeding product threshold (3.5°C),2026-09-11 08:47 UTC,Immediate inspector physical quality audit & thermal data download required,OPEN
EVT-029-03,SHP-2026-129,BTC-SEA-5029,TELEMETRY_GAP,WARNING,Missing Sensor Telemetry Records,Gaps detected in continuous 15-minute sensor logging stream,2026-09-11 16:47 UTC,Apply forward-fill imputation and flag in evidence pack,RESOLVED
EVT-032-03,SHP-2026-132,BTC-SEA-5032,TELEMETRY_GAP,WARNING,Missing Sensor Telemetry Records,Gaps detected in continuous 15-minute sensor logging stream,2026-09-11 22:47 UTC,Apply forward-fill imputation and flag in evidence pack,RESOLVED
EVT-033-03,SHP-2026-133,BTC-SEA-5033,TELEMETRY_GAP,WARNING,Missing Sensor Telemetry Records,Gaps detected in continuous 15-minute sensor logging stream,2026-09-12 00:47 UTC,Apply forward-fill imputation and flag in evidence pack,RESOLVED
EVT-042-03,SHP-2026-142,BTC-SEA-5042,TELEMETRY_GAP,WARNING,Missing Sensor Telemetry Records,Gaps detected in continuous 15-minute sensor logging stream,2026-09-12 18:47 UTC,Apply forward-fill imputation and flag in evidence pack,RESOLVED
EVT-043-03,SHP-2026-143,BTC-SEA-5043,TELEMETRY_GAP,WARNING,Missing Sensor Telemetry Records,Gaps detected in continuous 15-minute sensor logging stream,2026-09-12 20:47 UTC,Apply forward-fill imputation and flag in evidence pack,RESOLVED
EVT-045-02,SHP-2026-145,BTC-SEA-5045,CALIBRATION_EXPIRED,HIGH,Uncalibrated Sensor in Operation,Sensor SNS-1045 calibration expired on 2026-06-23,2026-09-13 00:47 UTC,Swap sensor with certified unit at next route checkpoint,OPEN
EVT-047-02,SHP-2026-147,BTC-SEA-5047,CALIBRATION_EXPIRED,HIGH,Uncalibrated Sensor in Operation,Sensor SNS-1047 calibration expired on 2026-07-12,2026-09-13 04:47 UTC,Swap sensor with certified unit at next route checkpoint,OPEN
EVT-053-03,SHP-2026-153,BTC-SEA-5053,TELEMETRY_GAP,WARNING,Missing Sensor Telemetry Records,Gaps detected in continuous 15-minute sensor logging stream,2026-09-13 16:47 UTC,Apply forward-fill imputation and flag in evidence pack,RESOLVED
EVT-056-01,SHP-2026-156,BTC-SEA-5056,TEMPERATURE_EXCURSION,CRITICAL,Cold Chain Thermal Breach Detected,Temperature reached +10.2°C exceeding product threshold (6.0°C),2026-09-13 22:47 UTC,Immediate inspector physical quality audit & thermal data download required,OPEN
EVT-059-03,SHP-2026-159,BTC-SEA-5059,TELEMETRY_GAP,WARNING,Missing Sensor Telemetry Records,Gaps detected in continuous 15-minute sensor logging stream,2026-09-14 04:47 UTC,Apply forward-fill imputation and flag in evidence pack,RESOLVED
EVT-060-01,SHP-2026-160,BTC-SEA-5060,TEMPERATURE_EXCURSION,CRITICAL,Cold Chain Thermal Breach Detected,Temperature reached +7.5°C exceeding product threshold (6.0°C),2026-09-14 06:47 UTC,Immediate inspector physical quality audit & thermal data download required,OPEN
EVT-064-01,SHP-2026-164,BTC-SEA-5064,TEMPERATURE_EXCURSION,CRITICAL,Cold Chain Thermal Breach Detected,Temperature reached +7.5°C exceeding product threshold (4.0°C),2026-09-14 14:47 UTC,Immediate inspector physical quality audit & thermal data download required,OPEN
EVT-069-01,SHP-2026-169,BTC-SEA-5069,TEMPERATURE_EXCURSION,CRITICAL,Cold Chain Thermal Breach Detected,Temperature reached +6.5°C exceeding product threshold (3.5°C),2026-09-15 00:47 UTC,Immediate inspector physical quality audit & thermal data download required,OPEN
EVT-071-01,SHP-2026-171,BTC-SEA-5071,TEMPERATURE_EXCURSION,CRITICAL,Cold Chain Thermal Breach Detected,Temperature reached +9.8°C exceeding product threshold (-18.0°C),2026-09-15 04:47 UTC,Immediate inspector physical quality audit & thermal data download required,OPEN
EVT-073-02,SHP-2026-173,BTC-SEA-5073,CALIBRATION_EXPIRED,HIGH,Uncalibrated Sensor in Operation,Sensor SNS-1073 calibration expired on 2026-06-30,2026-09-15 08:47 UTC,Swap sensor with certified unit at next route checkpoint,OPEN
EVT-076-03,SHP-2026-176,BTC-SEA-5076,TELEMETRY_GAP,WARNING,Missing Sensor Telemetry Records,Gaps detected in continuous 15-minute sensor logging stream,2026-09-15 14:47 UTC,Apply forward-fill imputation and flag in evidence pack,RESOLVED
EVT-077-01,SHP-2026-177,BTC-SEA-5077,TEMPERATURE_EXCURSION,CRITICAL,Cold Chain Thermal Breach Detected,Temperature reached +10.2°C exceeding product threshold (-18.0°C),2026-09-15 16:47 UTC,Immediate inspector physical quality audit & thermal data download required,OPEN
EVT-078-01,SHP-2026-178,BTC-SEA-5078,TEMPERATURE_EXCURSION,CRITICAL,Cold Chain Thermal Breach Detected,Temperature reached +9.1°C exceeding product threshold (6.0°C),2026-09-15 18:47 UTC,Immediate inspector physical quality audit & thermal data download required,OPEN
EVT-085-03,SHP-2026-185,BTC-SEA-5085,TELEMETRY_GAP,WARNING,Missing Sensor Telemetry Records,Gaps detected in continuous 15-minute sensor logging stream,2026-09-16 08:47 UTC,Apply forward-fill imputation and flag in evidence pack,RESOLVED
EVT-086-02,SHP-2026-186,BTC-SEA-5086,CALIBRATION_EXPIRED,HIGH,Uncalibrated Sensor in Operation,Sensor SNS-1086 calibration expired on 2026-06-11,2026-09-16 10:47 UTC,Swap sensor with certified unit at next route checkpoint,OPEN
EVT-086-03,SHP-2026-186,BTC-SEA-5086,TELEMETRY_GAP,WARNING,Missing Sensor Telemetry Records,Gaps detected in continuous 15-minute sensor logging stream,2026-09-16 10:47 UTC,Apply forward-fill imputation and flag in evidence pack,RESOLVED
EVT-092-01,SHP-2026-192,BTC-SEA-5092,TEMPERATURE_EXCURSION,CRITICAL,Cold Chain Thermal Breach Detected,Temperature reached +10.0°C exceeding product threshold (5.0°C),2026-09-16 22:47 UTC,Immediate inspector physical quality audit & thermal data download required,OPEN
EVT-093-01,SHP-2026-193,BTC-SEA-5093,TEMPERATURE_EXCURSION,CRITICAL,Cold Chain Thermal Breach Detected,Temperature reached +8.4°C exceeding product threshold (5.0°C),2026-09-17 00:47 UTC,Immediate inspector physical quality audit & thermal data download required,OPEN
