prediction_id,batch_id,anomaly_type,severity,confidence,timestamp,sensor_id,recommended_action,risk_level,contributing_factors
PRED-004-01,BTC-SEA-5004,Thermal Excursion Anomaly,CRITICAL,0.94,2026-09-09 14:47 UTC,SNS-1004,Quarantine batch for organoleptic evaluation,HIGH,Spike duration > 45 mins; Max temp +7.2°C; Fresh seafood spoilage risk high
PRED-007-01,BTC-SEA-5007,Thermal Excursion Anomaly,CRITICAL,0.94,2026-09-09 20:47 UTC,SNS-1007,Quarantine batch for organoleptic evaluation,HIGH,Spike duration > 45 mins; Max temp +7.2°C; Fresh seafood spoilage risk high
PRED-012-01,BTC-SEA-5012,Thermal Excursion Anomaly,CRITICAL,0.94,2026-09-10 06:47 UTC,SNS-1012,Quarantine batch for organoleptic evaluation,HIGH,Spike duration > 45 mins; Max temp +7.2°C; Fresh seafood spoilage risk high
PRED-022-01,BTC-SEA-5022,Thermal Excursion Anomaly,CRITICAL,0.94,2026-09-11 02:47 UTC,SNS-1022,Quarantine batch for organoleptic evaluation,HIGH,Spike duration > 45 mins; Max temp +7.2°C; Fresh seafood spoilage risk high
PRED-025-01,BTC-SEA-5025,Thermal Excursion Anomaly,CRITICAL,0.94,2026-09-11 08:47 UTC,SNS-1025,Quarantine batch for organoleptic evaluation,HIGH,Spike duration > 45 mins; Max temp +7.2°C; Fresh seafood spoilage risk high
PRED-056-01,BTC-SEA-5056,Thermal Excursion Anomaly,CRITICAL,0.94,2026-09-13 22:47 UTC,SNS-1056,Quarantine batch for organoleptic evaluation,HIGH,Spike duration > 45 mins; Max temp +7.2°C; Fresh seafood spoilage risk high
PRED-060-01,BTC-SEA-5060,Thermal Excursion Anomaly,CRITICAL,0.94,2026-09-14 06:47 UTC,SNS-1060,Quarantine batch for organoleptic evaluation,HIGH,Spike duration > 45 mins; Max temp +7.2°C; Fresh seafood spoilage risk high
PRED-064-01,BTC-SEA-5064,Thermal Excursion Anomaly,CRITICAL,0.94,2026-09-14 14:47 UTC,SNS-1064,Quarantine batch for organoleptic evaluation,HIGH,Spike duration > 45 mins; Max temp +7.2°C; Fresh seafood spoilage risk high
PRED-069-01,BTC-SEA-5069,Thermal Excursion Anomaly,CRITICAL,0.94,2026-09-15 00:47 UTC,SNS-1069,Quarantine batch for organoleptic evaluation,HIGH,Spike duration > 45 mins; Max temp +7.2°C; Fresh seafood spoilage risk high
PRED-071-01,BTC-SEA-5071,Thermal Excursion Anomaly,CRITICAL,0.94,2026-09-15 04:47 UTC,SNS-1071,Quarantine batch for organoleptic evaluation,HIGH,Spike duration > 45 mins; Max temp +7.2°C; Fresh seafood spoilage risk high
PRED-077-01,BTC-SEA-5077,Thermal Excursion Anomaly,CRITICAL,0.94,2026-09-15 16:47 UTC,SNS-1077,Quarantine batch for organoleptic evaluation,HIGH,Spike duration > 45 mins; Max temp +7.2°C; Fresh seafood spoilage risk high
PRED-078-01,BTC-SEA-5078,Thermal Excursion Anomaly,CRITICAL,0.94,2026-09-15 18:47 UTC,SNS-1078,Quarantine batch for organoleptic evaluation,HIGH,Spike duration > 45 mins; Max temp +7.2°C; Fresh seafood spoilage risk high
PRED-092-01,BTC-SEA-5092,Thermal Excursion Anomaly,CRITICAL,0.94,2026-09-16 22:47 UTC,SNS-1092,Quarantine batch for organoleptic evaluation,HIGH,Spike duration > 45 mins; Max temp +7.2°C; Fresh seafood spoilage risk high
PRED-093-01,BTC-SEA-5093,Thermal Excursion Anomaly,CRITICAL,0.94,2026-09-17 00:47 UTC,SNS-1093,Quarantine batch for organoleptic evaluation,HIGH,Spike duration > 45 mins; Max temp +7.2°C; Fresh seafood spoilage risk high
