route_id,shipment_id,event_type,timestamp,location,delay_minutes,route_status,notes
RTE-001-1,SHP-2026-101,Batch Creation,2026-09-09 08:47 UTC,Stage 1 Location,0,COMPLETED,Normal transit progression
RTE-001-2,SHP-2026-101,Cold Storage Exit & Loading,2026-09-09 09:47 UTC,Stage 2 Location,0,COMPLETED,Normal transit progression
RTE-001-3,SHP-2026-101,Transit Checkpoint Alpha,2026-09-09 13:47 UTC,Stage 3 Location,109,DELAYED,Traffic congestion causing 109 min delay
RTE-001-4,SHP-2026-101,Port / Airport Logistics Ramp,2026-09-09 20:47 UTC,Stage 4 Location,0,ON_TIME,Normal transit progression
RTE-001-5,SHP-2026-101,Export Inspection Dock,2026-09-10 02:47 UTC,Stage 5 Location,0,ON_TIME,Normal transit progression
RTE-001-6,SHP-2026-101,Final Aircraft / Vessel Loading,2026-09-10 06:47 UTC,Stage 6 Location,0,SCHEDULED,Normal transit progression
RTE-002-1,SHP-2026-102,Batch Creation,2026-09-09 10:47 UTC,Stage 1 Location,0,COMPLETED,Normal transit progression
RTE-002-2,SHP-2026-102,Cold Storage Exit & Loading,2026-09-09 11:47 UTC,Stage 2 Location,0,COMPLETED,Normal transit progression
RTE-002-3,SHP-2026-102,Transit Checkpoint Alpha,2026-09-09 15:47 UTC,Stage 3 Location,0,ON_TIME,Normal transit progression
RTE-002-4,SHP-2026-102,Port / Airport Logistics Ramp,2026-09-09 22:47 UTC,Stage 4 Location,0,ON_TIME,Normal transit progression
RTE-002-5,SHP-2026-102,Export Inspection Dock,2026-09-10 04:47 UTC,Stage 5 Location,0,ON_TIME,Normal transit progression
RTE-002-6,SHP-2026-102,Final Aircraft / Vessel Loading,2026-09-10 08:47 UTC,Stage 6 Location,0,SCHEDULED,Normal transit progression
RTE-003-1,SHP-2026-103,Batch Creation,2026-09-09 12:47 UTC,Stage 1 Location,0,COMPLETED,Normal transit progression
RTE-003-2,SHP-2026-103,Cold Storage Exit & Loading,2026-09-09 13:47 UTC,Stage 2 Location,0,COMPLETED,Normal transit progression
RTE-003-3,SHP-2026-103,Transit Checkpoint Alpha,2026-09-09 17:47 UTC,Stage 3 Location,0,ON_TIME,Normal transit progression
RTE-003-4,SHP-2026-103,Port / Airport Logistics Ramp,2026-09-10 00:47 UTC,Stage 4 Location,0,ON_TIME,Normal transit progression
RTE-003-5,SHP-2026-103,Export Inspection Dock,2026-09-10 06:47 UTC,Stage 5 Location,0,ON_TIME,Normal transit progression
RTE-003-6,SHP-2026-103,Final Aircraft / Vessel Loading,2026-09-10 10:47 UTC,Stage 6 Location,0,SCHEDULED,Normal transit progression
RTE-004-1,SHP-2026-104,Batch Creation,2026-09-09 14:47 UTC,Stage 1 Location,0,COMPLETED,Normal transit progression
RTE-004-2,SHP-2026-104,Cold Storage Exit & Loading,2026-09-09 15:47 UTC,Stage 2 Location,0,COMPLETED,Normal transit progression
RTE-004-3,SHP-2026-104,Transit Checkpoint Alpha,2026-09-09 19:47 UTC,Stage 3 Location,0,ON_TIME,Normal transit progression
RTE-004-4,SHP-2026-104,Port / Airport Logistics Ramp,2026-09-10 02:47 UTC,Stage 4 Location,0,ON_TIME,Normal transit progression
RTE-004-5,SHP-2026-104,Export Inspection Dock,2026-09-10 08:47 UTC,Stage 5 Location,0,ON_TIME,Normal transit progression
RTE-004-6,SHP-2026-104,Final Aircraft / Vessel Loading,2026-09-10 12:47 UTC,Stage 6 Location,0,SCHEDULED,Normal transit progression
RTE-005-1,SHP-2026-105,Batch Creation,2026-09-09 16:47 UTC,Stage 1 Location,0,COMPLETED,Normal transit progression
RTE-005-2,SHP-2026-105,Cold Storage Exit & Loading,2026-09-09 17:47 UTC,Stage 2 Location,0,COMPLETED,Normal transit progression
RTE-005-3,SHP-2026-105,Transit Checkpoint Alpha,2026-09-09 21:47 UTC,Stage 3 Location,0,ON_TIME,Normal transit progression
RTE-005-4,SHP-2026-105,Port / Airport Logistics Ramp,2026-09-10 04:47 UTC,Stage 4 Location,0,ON_TIME,Normal transit progression
RTE-005-5,SHP-2026-105,Export Inspection Dock,2026-09-10 10:47 UTC,Stage 5 Location,0,ON_TIME,Normal transit progression
RTE-005-6,SHP-2026-105,Final Aircraft / Vessel Loading,2026-09-10 14:47 UTC,Stage 6 Location,0,SCHEDULED,Normal transit progression
RTE-006-1,SHP-2026-106,Batch Creation,2026-09-09 18:47 UTC,Stage 1 Location,0,COMPLETED,Normal transit progression
RTE-006-2,SHP-2026-106,Cold Storage Exit & Loading,2026-09-09 19:47 UTC,Stage 2 Location,0,COMPLETED,Normal transit progression
RTE-006-3,SHP-2026-106,Transit Checkpoint Alpha,2026-09-09 23:47 UTC,Stage 3 Location,0,ON_TIME,Normal transit progression
RTE-006-4,SHP-2026-106,Port / Airport Logistics Ramp,2026-09-10 06:47 UTC,Stage 4 Location,0,ON_TIME,Normal transit progression
RTE-006-5,SHP-2026-106,Export Inspection Dock,2026-09-10 12:47 UTC,Stage 5 Location,0,ON_TIME,Normal transit progression
RTE-006-6,SHP-2026-106,Final Aircraft / Vessel Loading,2026-09-10 16:47 UTC,Stage 6 Location,0,SCHEDULED,Normal transit progression
RTE-007-1,SHP-2026-107,Batch Creation,2026-09-09 20:47 UTC,Stage 1 Location,0,COMPLETED,Normal transit progression
RTE-007-2,SHP-2026-107,Cold Storage Exit & Loading,2026-09-09 21:47 UTC,Stage 2 Location,0,COMPLETED,Normal transit progression
RTE-007-3,SHP-2026-107,Transit Checkpoint Alpha,2026-09-10 01:47 UTC,Stage 3 Location,0,ON_TIME,Normal transit progression
RTE-007-4,SHP-2026-107,Port / Airport Logistics Ramp,2026-09-10 08:47 UTC,Stage 4 Location,0,ON_TIME,Normal transit progression
RTE-007-5,SHP-2026-107,Export Inspection Dock,2026-09-10 14:47 UTC,Stage 5 Location,0,ON_TIME,Normal transit progression
RTE-007-6,SHP-2026-107,Final Aircraft / Vessel Loading,2026-09-10 18:47 UTC,Stage 6 Location,0,SCHEDULED,Normal transit progression
RTE-008-1,SHP-2026-108,Batch Creation,2026-09-09 22:47 UTC,Stage 1 Location,0,COMPLETED,Normal transit progression
RTE-008-2,SHP-2026-108,Cold Storage Exit & Loading,2026-09-09 23:47 UTC,Stage 2 Location,0,COMPLETED,Normal transit progression
RTE-008-3,SHP-2026-108,Transit Checkpoint Alpha,2026-09-10 03:47 UTC,Stage 3 Location,0,ON_TIME,Normal transit progression
RTE-008-4,SHP-2026-108,Port / Airport Logistics Ramp,2026-09-10 10:47 UTC,Stage 4 Location,0,ON_TIME,Normal transit progression
RTE-008-5,SHP-2026-108,Export Inspection Dock,2026-09-10 16:47 UTC,Stage 5 Location,0,ON_TIME,Normal transit progression
RTE-008-6,SHP-2026-108,Final Aircraft / Vessel Loading,2026-09-10 20:47 UTC,Stage 6 Location,0,SCHEDULED,Normal transit progression
RTE-009-1,SHP-2026-109,Batch Creation,2026-09-10 00:47 UTC,Stage 1 Location,0,COMPLETED,Normal transit progression
RTE-009-2,SHP-2026-109,Cold Storage Exit & Loading,2026-09-10 01:47 UTC,Stage 2 Location,0,COMPLETED,Normal transit progression
RTE-009-3,SHP-2026-109,Transit Checkpoint Alpha,2026-09-10 05:47 UTC,Stage 3 Location,0,ON_TIME,Normal transit progression
RTE-009-4,SHP-2026-109,Port / Airport Logistics Ramp,2026-09-10 12:47 UTC,Stage 4 Location,0,ON_TIME,Normal transit progression
RTE-009-5,SHP-2026-109,Export Inspection Dock,2026-09-10 18:47 UTC,Stage 5 Location,0,ON_TIME,Normal transit progression
RTE-009-6,SHP-2026-109,Final Aircraft / Vessel Loading,2026-09-10 22:47 UTC,Stage 6 Location,0,SCHEDULED,Normal transit progression
RTE-010-1,SHP-2026-110,Batch Creation,2026-09-10 02:47 UTC,Stage 1 Location,0,COMPLETED,Normal transit progression
RTE-010-2,SHP-2026-110,Cold Storage Exit & Loading,2026-09-10 03:47 UTC,Stage 2 Location,0,COMPLETED,Normal transit progression
RTE-010-3,SHP-2026-110,Transit Checkpoint Alpha,2026-09-10 07:47 UTC,Stage 3 Location,0,ON_TIME,Normal transit progression
RTE-010-4,SHP-2026-110,Port / Airport Logistics Ramp,2026-09-10 14:47 UTC,Stage 4 Location,0,ON_TIME,Normal transit progression
RTE-010-5,SHP-2026-110,Export Inspection Dock,2026-09-10 20:47 UTC,Stage 5 Location,0,ON_TIME,Normal transit progression
RTE-010-6,SHP-2026-110,Final Aircraft / Vessel Loading,2026-09-11 00:47 UTC,Stage 6 Location,0,SCHEDULED,Normal transit progression
RTE-011-1,SHP-2026-111,Batch Creation,2026-09-10 04:47 UTC,Stage 1 Location,0,COMPLETED,Normal transit progression
RTE-011-2,SHP-2026-111,Cold Storage Exit & Loading,2026-09-10 05:47 UTC,Stage 2 Location,0,COMPLETED,Normal transit progression
RTE-011-3,SHP-2026-111,Transit Checkpoint Alpha,2026-09-10 09:47 UTC,Stage 3 Location,0,ON_TIME,Normal transit progression
RTE-011-4,SHP-2026-111,Port / Airport Logistics Ramp,2026-09-10 16:47 UTC,Stage 4 Location,0,ON_TIME,Normal transit progression
RTE-011-5,SHP-2026-111,Export Inspection Dock,2026-09-10 22:47 UTC,Stage 5 Location,0,ON_TIME,Normal transit progression
RTE-011-6,SHP-2026-111,Final Aircraft / Vessel Loading,2026-09-11 02:47 UTC,Stage 6 Location,0,SCHEDULED,Normal transit progression
RTE-012-1,SHP-2026-112,Batch Creation,2026-09-10 06:47 UTC,Stage 1 Location,0,COMPLETED,Normal transit progression
RTE-012-2,SHP-2026-112,Cold Storage Exit & Loading,2026-09-10 07:47 UTC,Stage 2 Location,0,COMPLETED,Normal transit progression
RTE-012-3,SHP-2026-112,Transit Checkpoint Alpha,2026-09-10 11:47 UTC,Stage 3 Location,0,ON_TIME,Normal transit progression
RTE-012-4,SHP-2026-112,Port / Airport Logistics Ramp,2026-09-10 18:47 UTC,Stage 4 Location,0,ON_TIME,Normal transit progression
RTE-012-5,SHP-2026-112,Export Inspection Dock,2026-09-11 00:47 UTC,Stage 5 Location,0,ON_TIME,Normal transit progression
RTE-012-6,SHP-2026-112,Final Aircraft / Vessel Loading,2026-09-11 04:47 UTC,Stage 6 Location,0,SCHEDULED,Normal transit progression
RTE-013-1,SHP-2026-113,Batch Creation,2026-09-10 08:47 UTC,Stage 1 Location,0,COMPLETED,Normal transit progression
RTE-013-2,SHP-2026-113,Cold Storage Exit & Loading,2026-09-10 09:47 UTC,Stage 2 Location,0,COMPLETED,Normal transit progression
RTE-013-3,SHP-2026-113,Transit Checkpoint Alpha,2026-09-10 13:47 UTC,Stage 3 Location,0,ON_TIME,Normal transit progression
RTE-013-4,SHP-2026-113,Port / Airport Logistics Ramp,2026-09-10 20:47 UTC,Stage 4 Location,0,ON_TIME,Normal transit progression
RTE-013-5,SHP-2026-113,Export Inspection Dock,2026-09-11 02:47 UTC,Stage 5 Location,0,ON_TIME,Normal transit progression
RTE-013-6,SHP-2026-113,Final Aircraft / Vessel Loading,2026-09-11 06:47 UTC,Stage 6 Location,0,SCHEDULED,Normal transit progression
RTE-014-1,SHP-2026-114,Batch Creation,2026-09-10 10:47 UTC,Stage 1 Location,0,COMPLETED,Normal transit progression
RTE-014-2,SHP-2026-114,Cold Storage Exit & Loading,2026-09-10 11:47 UTC,Stage 2 Location,0,COMPLETED,Normal transit progression
RTE-014-3,SHP-2026-114,Transit Checkpoint Alpha,2026-09-10 15:47 UTC,Stage 3 Location,0,ON_TIME,Normal transit progression
RTE-014-4,SHP-2026-114,Port / Airport Logistics Ramp,2026-09-10 22:47 UTC,Stage 4 Location,0,ON_TIME,Normal transit progression
RTE-014-5,SHP-2026-114,Export Inspection Dock,2026-09-11 04:47 UTC,Stage 5 Location,0,ON_TIME,Normal transit progression
RTE-014-6,SHP-2026-114,Final Aircraft / Vessel Loading,2026-09-11 08:47 UTC,Stage 6 Location,0,SCHEDULED,Normal transit progression
RTE-015-1,SHP-2026-115,Batch Creation,2026-09-10 12:47 UTC,Stage 1 Location,0,COMPLETED,Normal transit progression
RTE-015-2,SHP-2026-115,Cold Storage Exit & Loading,2026-09-10 13:47 UTC,Stage 2 Location,0,COMPLETED,Normal transit progression
RTE-015-3,SHP-2026-115,Transit Checkpoint Alpha,2026-09-10 17:47 UTC,Stage 3 Location,0,ON_TIME,Normal transit progression
RTE-015-4,SHP-2026-115,Port / Airport Logistics Ramp,2026-09-11 00:47 UTC,Stage 4 Location,0,ON_TIME,Normal transit progression
RTE-015-5,SHP-2026-115,Export Inspection Dock,2026-09-11 06:47 UTC,Stage 5 Location,0,ON_TIME,Normal transit progression
RTE-015-6,SHP-2026-115,Final Aircraft / Vessel Loading,2026-09-11 10:47 UTC,Stage 6 Location,0,SCHEDULED,Normal transit progression
RTE-016-1,SHP-2026-116,Batch Creation,2026-09-10 14:47 UTC,Stage 1 Location,0,COMPLETED,Normal transit progression
RTE-016-2,SHP-2026-116,Cold Storage Exit & Loading,2026-09-10 15:47 UTC,Stage 2 Location,0,COMPLETED,Normal transit progression
RTE-016-3,SHP-2026-116,Transit Checkpoint Alpha,2026-09-10 19:47 UTC,Stage 3 Location,0,ON_TIME,Normal transit progression
RTE-016-4,SHP-2026-116,Port / Airport Logistics Ramp,2026-09-11 02:47 UTC,Stage 4 Location,0,ON_TIME,Normal transit progression
RTE-016-5,SHP-2026-116,Export Inspection Dock,2026-09-11 08:47 UTC,Stage 5 Location,0,ON_TIME,Normal transit progression
RTE-016-6,SHP-2026-116,Final Aircraft / Vessel Loading,2026-09-11 12:47 UTC,Stage 6 Location,0,SCHEDULED,Normal transit progression
RTE-017-1,SHP-2026-117,Batch Creation,2026-09-10 16:47 UTC,Stage 1 Location,0,COMPLETED,Normal transit progression
RTE-017-2,SHP-2026-117,Cold Storage Exit & Loading,2026-09-10 17:47 UTC,Stage 2 Location,0,COMPLETED,Normal transit progression
RTE-017-3,SHP-2026-117,Transit Checkpoint Alpha,2026-09-10 21:47 UTC,Stage 3 Location,0,ON_TIME,Normal transit progression
RTE-017-4,SHP-2026-117,Port / Airport Logistics Ramp,2026-09-11 04:47 UTC,Stage 4 Location,0,ON_TIME,Normal transit progression
RTE-017-5,SHP-2026-117,Export Inspection Dock,2026-09-11 10:47 UTC,Stage 5 Location,0,ON_TIME,Normal transit progression
RTE-017-6,SHP-2026-117,Final Aircraft / Vessel Loading,2026-09-11 14:47 UTC,Stage 6 Location,0,SCHEDULED,Normal transit progression
RTE-018-1,SHP-2026-118,Batch Creation,2026-09-10 18:47 UTC,Stage 1 Location,0,COMPLETED,Normal transit progression
RTE-018-2,SHP-2026-118,Cold Storage Exit & Loading,2026-09-10 19:47 UTC,Stage 2 Location,0,COMPLETED,Normal transit progression
RTE-018-3,SHP-2026-118,Transit Checkpoint Alpha,2026-09-10 23:47 UTC,Stage 3 Location,0,ON_TIME,Normal transit progression
RTE-018-4,SHP-2026-118,Port / Airport Logistics Ramp,2026-09-11 06:47 UTC,Stage 4 Location,0,ON_TIME,Normal transit progression
RTE-018-5,SHP-2026-118,Export Inspection Dock,2026-09-11 12:47 UTC,Stage 5 Location,0,ON_TIME,Normal transit progression
RTE-018-6,SHP-2026-118,Final Aircraft / Vessel Loading,2026-09-11 16:47 UTC,Stage 6 Location,0,SCHEDULED,Normal transit progression
RTE-019-1,SHP-2026-119,Batch Creation,2026-09-10 20:47 UTC,Stage 1 Location,0,COMPLETED,Normal transit progression
RTE-019-2,SHP-2026-119,Cold Storage Exit & Loading,2026-09-10 21:47 UTC,Stage 2 Location,0,COMPLETED,Normal transit progression
RTE-019-3,SHP-2026-119,Transit Checkpoint Alpha,2026-09-11 01:47 UTC,Stage 3 Location,0,ON_TIME,Normal transit progression
RTE-019-4,SHP-2026-119,Port / Airport Logistics Ramp,2026-09-11 08:47 UTC,Stage 4 Location,0,ON_TIME,Normal transit progression
RTE-019-5,SHP-2026-119,Export Inspection Dock,2026-09-11 14:47 UTC,Stage 5 Location,0,ON_TIME,Normal transit progression
RTE-019-6,SHP-2026-119,Final Aircraft / Vessel Loading,2026-09-11 18:47 UTC,Stage 6 Location,0,SCHEDULED,Normal transit progression
RTE-020-1,SHP-2026-120,Batch Creation,2026-09-10 22:47 UTC,Stage 1 Location,0,COMPLETED,Normal transit progression
RTE-020-2,SHP-2026-120,Cold Storage Exit & Loading,2026-09-10 23:47 UTC,Stage 2 Location,0,COMPLETED,Normal transit progression
RTE-020-3,SHP-2026-120,Transit Checkpoint Alpha,2026-09-11 03:47 UTC,Stage 3 Location,0,ON_TIME,Normal transit progression
RTE-020-4,SHP-2026-120,Port / Airport Logistics Ramp,2026-09-11 10:47 UTC,Stage 4 Location,0,ON_TIME,Normal transit progression
RTE-020-5,SHP-2026-120,Export Inspection Dock,2026-09-11 16:47 UTC,Stage 5 Location,0,ON_TIME,Normal transit progression
RTE-020-6,SHP-2026-120,Final Aircraft / Vessel Loading,2026-09-11 20:47 UTC,Stage 6 Location,0,SCHEDULED,Normal transit progression
RTE-021-1,SHP-2026-121,Batch Creation,2026-09-11 00:47 UTC,Stage 1 Location,0,COMPLETED,Normal transit progression
RTE-021-2,SHP-2026-121,Cold Storage Exit & Loading,2026-09-11 01:47 UTC,Stage 2 Location,0,COMPLETED,Normal transit progression
RTE-021-3,SHP-2026-121,Transit Checkpoint Alpha,2026-09-11 05:47 UTC,Stage 3 Location,0,ON_TIME,Normal transit progression
RTE-021-4,SHP-2026-121,Port / Airport Logistics Ramp,2026-09-11 12:47 UTC,Stage 4 Location,0,ON_TIME,Normal transit progression
RTE-021-5,SHP-2026-121,Export Inspection Dock,2026-09-11 18:47 UTC,Stage 5 Location,0,ON_TIME,Normal transit progression
RTE-021-6,SHP-2026-121,Final Aircraft / Vessel Loading,2026-09-11 22:47 UTC,Stage 6 Location,0,SCHEDULED,Normal transit progression
RTE-022-1,SHP-2026-122,Batch Creation,2026-09-11 02:47 UTC,Stage 1 Location,0,COMPLETED,Normal transit progression
RTE-022-2,SHP-2026-122,Cold Storage Exit & Loading,2026-09-11 03:47 UTC,Stage 2 Location,0,COMPLETED,Normal transit progression
RTE-022-3,SHP-2026-122,Transit Checkpoint Alpha,2026-09-11 07:47 UTC,Stage 3 Location,0,ON_TIME,Normal transit progression
RTE-022-4,SHP-2026-122,Port / Airport Logistics Ramp,2026-09-11 14:47 UTC,Stage 4 Location,0,ON_TIME,Normal transit progression
RTE-022-5,SHP-2026-122,Export Inspection Dock,2026-09-11 20:47 UTC,Stage 5 Location,0,ON_TIME,Normal transit progression
RTE-022-6,SHP-2026-122,Final Aircraft / Vessel Loading,2026-09-12 00:47 UTC,Stage 6 Location,0,SCHEDULED,Normal transit progression
RTE-023-1,SHP-2026-123,Batch Creation,2026-09-11 04:47 UTC,Stage 1 Location,0,COMPLETED,Normal transit progression
RTE-023-2,SHP-2026-123,Cold Storage Exit & Loading,2026-09-11 05:47 UTC,Stage 2 Location,0,COMPLETED,Normal transit progression
RTE-023-3,SHP-2026-123,Transit Checkpoint Alpha,2026-09-11 09:47 UTC,Stage 3 Location,0,ON_TIME,Normal transit progression
RTE-023-4,SHP-2026-123,Port / Airport Logistics Ramp,2026-09-11 16:47 UTC,Stage 4 Location,0,ON_TIME,Normal transit progression
RTE-023-5,SHP-2026-123,Export Inspection Dock,2026-09-11 22:47 UTC,Stage 5 Location,0,ON_TIME,Normal transit progression
RTE-023-6,SHP-2026-123,Final Aircraft / Vessel Loading,2026-09-12 02:47 UTC,Stage 6 Location,0,SCHEDULED,Normal transit progression
RTE-024-1,SHP-2026-124,Batch Creation,2026-09-11 06:47 UTC,Stage 1 Location,0,COMPLETED,Normal transit progression
RTE-024-2,SHP-2026-124,Cold Storage Exit & Loading,2026-09-11 07:47 UTC,Stage 2 Location,0,COMPLETED,Normal transit progression
RTE-024-3,SHP-2026-124,Transit Checkpoint Alpha,2026-09-11 11:47 UTC,Stage 3 Location,0,ON_TIME,Normal transit progression
RTE-024-4,SHP-2026-124,Port / Airport Logistics Ramp,2026-09-11 18:47 UTC,Stage 4 Location,0,ON_TIME,Normal transit progression
RTE-024-5,SHP-2026-124,Export Inspection Dock,2026-09-12 00:47 UTC,Stage 5 Location,0,ON_TIME,Normal transit progression
RTE-024-6,SHP-2026-124,Final Aircraft / Vessel Loading,2026-09-12 04:47 UTC,Stage 6 Location,0,SCHEDULED,Normal transit progression
RTE-025-1,SHP-2026-125,Batch Creation,2026-09-11 08:47 UTC,Stage 1 Location,0,COMPLETED,Normal transit progression
RTE-025-2,SHP-2026-125,Cold Storage Exit & Loading,2026-09-11 09:47 UTC,Stage 2 Location,0,COMPLETED,Normal transit progression
RTE-025-3,SHP-2026-125,Transit Checkpoint Alpha,2026-09-11 13:47 UTC,Stage 3 Location,111,DELAYED,Traffic congestion causing 111 min delay
RTE-025-4,SHP-2026-125,Port / Airport Logistics Ramp,2026-09-11 20:47 UTC,Stage 4 Location,0,ON_TIME,Normal transit progression
RTE-025-5,SHP-2026-125,Export Inspection Dock,2026-09-12 02:47 UTC,Stage 5 Location,0,ON_TIME,Normal transit progression
RTE-025-6,SHP-2026-125,Final Aircraft / Vessel Loading,2026-09-12 06:47 UTC,Stage 6 Location,0,SCHEDULED,Normal transit progression
RTE-026-1,SHP-2026-126,Batch Creation,2026-09-11 10:47 UTC,Stage 1 Location,0,COMPLETED,Normal transit progression
RTE-026-2,SHP-2026-126,Cold Storage Exit & Loading,2026-09-11 11:47 UTC,Stage 2 Location,0,COMPLETED,Normal transit progression
RTE-026-3,SHP-2026-126,Transit Checkpoint Alpha,2026-09-11 15:47 UTC,Stage 3 Location,0,ON_TIME,Normal transit progression
RTE-026-4,SHP-2026-126,Port / Airport Logistics Ramp,2026-09-11 22:47 UTC,Stage 4 Location,0,ON_TIME,Normal transit progression
RTE-026-5,SHP-2026-126,Export Inspection Dock,2026-09-12 04:47 UTC,Stage 5 Location,0,ON_TIME,Normal transit progression
RTE-026-6,SHP-2026-126,Final Aircraft / Vessel Loading,2026-09-12 08:47 UTC,Stage 6 Location,0,SCHEDULED,Normal transit progression
RTE-027-1,SHP-2026-127,Batch Creation,2026-09-11 12:47 UTC,Stage 1 Location,0,COMPLETED,Normal transit progression
RTE-027-2,SHP-2026-127,Cold Storage Exit & Loading,2026-09-11 13:47 UTC,Stage 2 Location,0,COMPLETED,Normal transit progression
RTE-027-3,SHP-2026-127,Transit Checkpoint Alpha,2026-09-11 17:47 UTC,Stage 3 Location,0,ON_TIME,Normal transit progression
RTE-027-4,SHP-2026-127,Port / Airport Logistics Ramp,2026-09-12 00:47 UTC,Stage 4 Location,0,ON_TIME,Normal transit progression
RTE-027-5,SHP-2026-127,Export Inspection Dock,2026-09-12 06:47 UTC,Stage 5 Location,0,ON_TIME,Normal transit progression
RTE-027-6,SHP-2026-127,Final Aircraft / Vessel Loading,2026-09-12 10:47 UTC,Stage 6 Location,0,SCHEDULED,Normal transit progression
RTE-028-1,SHP-2026-128,Batch Creation,2026-09-11 14:47 UTC,Stage 1 Location,0,COMPLETED,Normal transit progression
RTE-028-2,SHP-2026-128,Cold Storage Exit & Loading,2026-09-11 15:47 UTC,Stage 2 Location,0,COMPLETED,Normal transit progression
RTE-028-3,SHP-2026-128,Transit Checkpoint Alpha,2026-09-11 19:47 UTC,Stage 3 Location,0,ON_TIME,Normal transit progression
RTE-028-4,SHP-2026-128,Port / Airport Logistics Ramp,2026-09-12 02:47 UTC,Stage 4 Location,0,ON_TIME,Normal transit progression
RTE-028-5,SHP-2026-128,Export Inspection Dock,2026-09-12 08:47 UTC,Stage 5 Location,0,ON_TIME,Normal transit progression
RTE-028-6,SHP-2026-128,Final Aircraft / Vessel Loading,2026-09-12 12:47 UTC,Stage 6 Location,0,SCHEDULED,Normal transit progression
RTE-029-1,SHP-2026-129,Batch Creation,2026-09-11 16:47 UTC,Stage 1 Location,0,COMPLETED,Normal transit progression
RTE-029-2,SHP-2026-129,Cold Storage Exit & Loading,2026-09-11 17:47 UTC,Stage 2 Location,0,COMPLETED,Normal transit progression
RTE-029-3,SHP-2026-129,Transit Checkpoint Alpha,2026-09-11 21:47 UTC,Stage 3 Location,0,ON_TIME,Normal transit progression
RTE-029-4,SHP-2026-129,Port / Airport Logistics Ramp,2026-09-12 04:47 UTC,Stage 4 Location,0,ON_TIME,Normal transit progression
RTE-029-5,SHP-2026-129,Export Inspection Dock,2026-09-12 10:47 UTC,Stage 5 Location,0,ON_TIME,Normal transit progression
RTE-029-6,SHP-2026-129,Final Aircraft / Vessel Loading,2026-09-12 14:47 UTC,Stage 6 Location,0,SCHEDULED,Normal transit progression
RTE-030-1,SHP-2026-130,Batch Creation,2026-09-11 18:47 UTC,Stage 1 Location,0,COMPLETED,Normal transit progression
RTE-030-2,SHP-2026-130,Cold Storage Exit & Loading,2026-09-11 19:47 UTC,Stage 2 Location,0,COMPLETED,Normal transit progression
RTE-030-3,SHP-2026-130,Transit Checkpoint Alpha,2026-09-11 23:47 UTC,Stage 3 Location,0,ON_TIME,Normal transit progression
RTE-030-4,SHP-2026-130,Port / Airport Logistics Ramp,2026-09-12 06:47 UTC,Stage 4 Location,0,ON_TIME,Normal transit progression
RTE-030-5,SHP-2026-130,Export Inspection Dock,2026-09-12 12:47 UTC,Stage 5 Location,0,ON_TIME,Normal transit progression
RTE-030-6,SHP-2026-130,Final Aircraft / Vessel Loading,2026-09-12 16:47 UTC,Stage 6 Location,0,SCHEDULED,Normal transit progression
RTE-031-1,SHP-2026-131,Batch Creation,2026-09-11 20:47 UTC,Stage 1 Location,0,COMPLETED,Normal transit progression
RTE-031-2,SHP-2026-131,Cold Storage Exit & Loading,2026-09-11 21:47 UTC,Stage 2 Location,0,COMPLETED,Normal transit progression
RTE-031-3,SHP-2026-131,Transit Checkpoint Alpha,2026-09-12 01:47 UTC,Stage 3 Location,0,ON_TIME,Normal transit progression
RTE-031-4,SHP-2026-131,Port / Airport Logistics Ramp,2026-09-12 08:47 UTC,Stage 4 Location,0,ON_TIME,Normal transit progression
RTE-031-5,SHP-2026-131,Export Inspection Dock,2026-09-12 14:47 UTC,Stage 5 Location,0,ON_TIME,Normal transit progression
RTE-031-6,SHP-2026-131,Final Aircraft / Vessel Loading,2026-09-12 18:47 UTC,Stage 6 Location,0,SCHEDULED,Normal transit progression
RTE-032-1,SHP-2026-132,Batch Creation,2026-09-11 22:47 UTC,Stage 1 Location,0,COMPLETED,Normal transit progression
RTE-032-2,SHP-2026-132,Cold Storage Exit & Loading,2026-09-11 23:47 UTC,Stage 2 Location,0,COMPLETED,Normal transit progression
RTE-032-3,SHP-2026-132,Transit Checkpoint Alpha,2026-09-12 03:47 UTC,Stage 3 Location,0,ON_TIME,Normal transit progression
RTE-032-4,SHP-2026-132,Port / Airport Logistics Ramp,2026-09-12 10:47 UTC,Stage 4 Location,0,ON_TIME,Normal transit progression
RTE-032-5,SHP-2026-132,Export Inspection Dock,2026-09-12 16:47 UTC,Stage 5 Location,0,ON_TIME,Normal transit progression
RTE-032-6,SHP-2026-132,Final Aircraft / Vessel Loading,2026-09-12 20:47 UTC,Stage 6 Location,0,SCHEDULED,Normal transit progression
RTE-033-1,SHP-2026-133,Batch Creation,2026-09-12 00:47 UTC,Stage 1 Location,0,COMPLETED,Normal transit progression
RTE-033-2,SHP-2026-133,Cold Storage Exit & Loading,2026-09-12 01:47 UTC,Stage 2 Location,0,COMPLETED,Normal transit progression
RTE-033-3,SHP-2026-133,Transit Checkpoint Alpha,2026-09-12 05:47 UTC,Stage 3 Location,0,ON_TIME,Normal transit progression
RTE-033-4,SHP-2026-133,Port / Airport Logistics Ramp,2026-09-12 12:47 UTC,Stage 4 Location,0,ON_TIME,Normal transit progression
RTE-033-5,SHP-2026-133,Export Inspection Dock,2026-09-12 18:47 UTC,Stage 5 Location,0,ON_TIME,Normal transit progression
RTE-033-6,SHP-2026-133,Final Aircraft / Vessel Loading,2026-09-12 22:47 UTC,Stage 6 Location,0,SCHEDULED,Normal transit progression
RTE-034-1,SHP-2026-134,Batch Creation,2026-09-12 02:47 UTC,Stage 1 Location,0,COMPLETED,Normal transit progression
RTE-034-2,SHP-2026-134,Cold Storage Exit & Loading,2026-09-12 03:47 UTC,Stage 2 Location,0,COMPLETED,Normal transit progression
RTE-034-3,SHP-2026-134,Transit Checkpoint Alpha,2026-09-12 07:47 UTC,Stage 3 Location,0,ON_TIME,Normal transit progression
RTE-034-4,SHP-2026-134,Port / Airport Logistics Ramp,2026-09-12 14:47 UTC,Stage 4 Location,0,ON_TIME,Normal transit progression
RTE-034-5,SHP-2026-134,Export Inspection Dock,2026-09-12 20:47 UTC,Stage 5 Location,0,ON_TIME,Normal transit progression
RTE-034-6,SHP-2026-134,Final Aircraft / Vessel Loading,2026-09-13 00:47 UTC,Stage 6 Location,0,SCHEDULED,Normal transit progression
RTE-035-1,SHP-2026-135,Batch Creation,2026-09-12 04:47 UTC,Stage 1 Location,0,COMPLETED,Normal transit progression
RTE-035-2,SHP-2026-135,Cold Storage Exit & Loading,2026-09-12 05:47 UTC,Stage 2 Location,0,COMPLETED,Normal transit progression
RTE-035-3,SHP-2026-135,Transit Checkpoint Alpha,2026-09-12 09:47 UTC,Stage 3 Location,0,ON_TIME,Normal transit progression
RTE-035-4,SHP-2026-135,Port / Airport Logistics Ramp,2026-09-12 16:47 UTC,Stage 4 Location,0,ON_TIME,Normal transit progression
RTE-035-5,SHP-2026-135,Export Inspection Dock,2026-09-12 22:47 UTC,Stage 5 Location,0,ON_TIME,Normal transit progression
RTE-035-6,SHP-2026-135,Final Aircraft / Vessel Loading,2026-09-13 02:47 UTC,Stage 6 Location,0,SCHEDULED,Normal transit progression
RTE-036-1,SHP-2026-136,Batch Creation,2026-09-12 06:47 UTC,Stage 1 Location,0,COMPLETED,Normal transit progression
RTE-036-2,SHP-2026-136,Cold Storage Exit & Loading,2026-09-12 07:47 UTC,Stage 2 Location,0,COMPLETED,Normal transit progression
RTE-036-3,SHP-2026-136,Transit Checkpoint Alpha,2026-09-12 11:47 UTC,Stage 3 Location,0,ON_TIME,Normal transit progression
RTE-036-4,SHP-2026-136,Port / Airport Logistics Ramp,2026-09-12 18:47 UTC,Stage 4 Location,0,ON_TIME,Normal transit progression
RTE-036-5,SHP-2026-136,Export Inspection Dock,2026-09-13 00:47 UTC,Stage 5 Location,0,ON_TIME,Normal transit progression
RTE-036-6,SHP-2026-136,Final Aircraft / Vessel Loading,2026-09-13 04:47 UTC,Stage 6 Location,0,SCHEDULED,Normal transit progression
RTE-037-1,SHP-2026-137,Batch Creation,2026-09-12 08:47 UTC,Stage 1 Location,0,COMPLETED,Normal transit progression
RTE-037-2,SHP-2026-137,Cold Storage Exit & Loading,2026-09-12 09:47 UTC,Stage 2 Location,0,COMPLETED,Normal transit progression
RTE-037-3,SHP-2026-137,Transit Checkpoint Alpha,2026-09-12 13:47 UTC,Stage 3 Location,0,ON_TIME,Normal transit progression
RTE-037-4,SHP-2026-137,Port / Airport Logistics Ramp,2026-09-12 20:47 UTC,Stage 4 Location,0,ON_TIME,Normal transit progression
RTE-037-5,SHP-2026-137,Export Inspection Dock,2026-09-13 02:47 UTC,Stage 5 Location,0,ON_TIME,Normal transit progression
RTE-037-6,SHP-2026-137,Final Aircraft / Vessel Loading,2026-09-13 06:47 UTC,Stage 6 Location,0,SCHEDULED,Normal transit progression
RTE-038-1,SHP-2026-138,Batch Creation,2026-09-12 10:47 UTC,Stage 1 Location,0,COMPLETED,Normal transit progression
RTE-038-2,SHP-2026-138,Cold Storage Exit & Loading,2026-09-12 11:47 UTC,Stage 2 Location,0,COMPLETED,Normal transit progression
RTE-038-3,SHP-2026-138,Transit Checkpoint Alpha,2026-09-12 15:47 UTC,Stage 3 Location,71,DELAYED,Traffic congestion causing 71 min delay
RTE-038-4,SHP-2026-138,Port / Airport Logistics Ramp,2026-09-12 22:47 UTC,Stage 4 Location,0,ON_TIME,Normal transit progression
RTE-038-5,SHP-2026-138,Export Inspection Dock,2026-09-13 04:47 UTC,Stage 5 Location,0,ON_TIME,Normal transit progression
RTE-038-6,SHP-2026-138,Final Aircraft / Vessel Loading,2026-09-13 08:47 UTC,Stage 6 Location,0,SCHEDULED,Normal transit progression
RTE-039-1,SHP-2026-139,Batch Creation,2026-09-12 12:47 UTC,Stage 1 Location,0,COMPLETED,Normal transit progression
RTE-039-2,SHP-2026-139,Cold Storage Exit & Loading,2026-09-12 13:47 UTC,Stage 2 Location,0,COMPLETED,Normal transit progression
RTE-039-3,SHP-2026-139,Transit Checkpoint Alpha,2026-09-12 17:47 UTC,Stage 3 Location,0,ON_TIME,Normal transit progression
RTE-039-4,SHP-2026-139,Port / Airport Logistics Ramp,2026-09-13 00:47 UTC,Stage 4 Location,0,ON_TIME,Normal transit progression
RTE-039-5,SHP-2026-139,Export Inspection Dock,2026-09-13 06:47 UTC,Stage 5 Location,0,ON_TIME,Normal transit progression
RTE-039-6,SHP-2026-139,Final Aircraft / Vessel Loading,2026-09-13 10:47 UTC,Stage 6 Location,0,SCHEDULED,Normal transit progression
RTE-040-1,SHP-2026-140,Batch Creation,2026-09-12 14:47 UTC,Stage 1 Location,0,COMPLETED,Normal transit progression
RTE-040-2,SHP-2026-140,Cold Storage Exit & Loading,2026-09-12 15:47 UTC,Stage 2 Location,0,COMPLETED,Normal transit progression
RTE-040-3,SHP-2026-140,Transit Checkpoint Alpha,2026-09-12 19:47 UTC,Stage 3 Location,0,ON_TIME,Normal transit progression
RTE-040-4,SHP-2026-140,Port / Airport Logistics Ramp,2026-09-13 02:47 UTC,Stage 4 Location,0,ON_TIME,Normal transit progression
RTE-040-5,SHP-2026-140,Export Inspection Dock,2026-09-13 08:47 UTC,Stage 5 Location,0,ON_TIME,Normal transit progression
RTE-040-6,SHP-2026-140,Final Aircraft / Vessel Loading,2026-09-13 12:47 UTC,Stage 6 Location,0,SCHEDULED,Normal transit progression
RTE-041-1,SHP-2026-141,Batch Creation,2026-09-12 16:47 UTC,Stage 1 Location,0,COMPLETED,Normal transit progression
RTE-041-2,SHP-2026-141,Cold Storage Exit & Loading,2026-09-12 17:47 UTC,Stage 2 Location,0,COMPLETED,Normal transit progression
RTE-041-3,SHP-2026-141,Transit Checkpoint Alpha,2026-09-12 21:47 UTC,Stage 3 Location,0,ON_TIME,Normal transit progression
RTE-041-4,SHP-2026-141,Port / Airport Logistics Ramp,2026-09-13 04:47 UTC,Stage 4 Location,0,ON_TIME,Normal transit progression
RTE-041-5,SHP-2026-141,Export Inspection Dock,2026-09-13 10:47 UTC,Stage 5 Location,0,ON_TIME,Normal transit progression
RTE-041-6,SHP-2026-141,Final Aircraft / Vessel Loading,2026-09-13 14:47 UTC,Stage 6 Location,0,SCHEDULED,Normal transit progression
RTE-042-1,SHP-2026-142,Batch Creation,2026-09-12 18:47 UTC,Stage 1 Location,0,COMPLETED,Normal transit progression
RTE-042-2,SHP-2026-142,Cold Storage Exit & Loading,2026-09-12 19:47 UTC,Stage 2 Location,0,COMPLETED,Normal transit progression
RTE-042-3,SHP-2026-142,Transit Checkpoint Alpha,2026-09-12 23:47 UTC,Stage 3 Location,0,ON_TIME,Normal transit progression
RTE-042-4,SHP-2026-142,Port / Airport Logistics Ramp,2026-09-13 06:47 UTC,Stage 4 Location,0,ON_TIME,Normal transit progression
RTE-042-5,SHP-2026-142,Export Inspection Dock,2026-09-13 12:47 UTC,Stage 5 Location,0,ON_TIME,Normal transit progression
RTE-042-6,SHP-2026-142,Final Aircraft / Vessel Loading,2026-09-13 16:47 UTC,Stage 6 Location,0,SCHEDULED,Normal transit progression
RTE-043-1,SHP-2026-143,Batch Creation,2026-09-12 20:47 UTC,Stage 1 Location,0,COMPLETED,Normal transit progression
RTE-043-2,SHP-2026-143,Cold Storage Exit & Loading,2026-09-12 21:47 UTC,Stage 2 Location,0,COMPLETED,Normal transit progression
RTE-043-3,SHP-2026-143,Transit Checkpoint Alpha,2026-09-13 01:47 UTC,Stage 3 Location,0,ON_TIME,Normal transit progression
RTE-043-4,SHP-2026-143,Port / Airport Logistics Ramp,2026-09-13 08:47 UTC,Stage 4 Location,0,ON_TIME,Normal transit progression
RTE-043-5,SHP-2026-143,Export Inspection Dock,2026-09-13 14:47 UTC,Stage 5 Location,0,ON_TIME,Normal transit progression
RTE-043-6,SHP-2026-143,Final Aircraft / Vessel Loading,2026-09-13 18:47 UTC,Stage 6 Location,0,SCHEDULED,Normal transit progression
RTE-044-1,SHP-2026-144,Batch Creation,2026-09-12 22:47 UTC,Stage 1 Location,0,COMPLETED,Normal transit progression
RTE-044-2,SHP-2026-144,Cold Storage Exit & Loading,2026-09-12 23:47 UTC,Stage 2 Location,0,COMPLETED,Normal transit progression
RTE-044-3,SHP-2026-144,Transit Checkpoint Alpha,2026-09-13 03:47 UTC,Stage 3 Location,0,ON_TIME,Normal transit progression
RTE-044-4,SHP-2026-144,Port / Airport Logistics Ramp,2026-09-13 10:47 UTC,Stage 4 Location,0,ON_TIME,Normal transit progression
RTE-044-5,SHP-2026-144,Export Inspection Dock,2026-09-13 16:47 UTC,Stage 5 Location,0,ON_TIME,Normal transit progression
RTE-044-6,SHP-2026-144,Final Aircraft / Vessel Loading,2026-09-13 20:47 UTC,Stage 6 Location,0,SCHEDULED,Normal transit progression
RTE-045-1,SHP-2026-145,Batch Creation,2026-09-13 00:47 UTC,Stage 1 Location,0,COMPLETED,Normal transit progression
RTE-045-2,SHP-2026-145,Cold Storage Exit & Loading,2026-09-13 01:47 UTC,Stage 2 Location,0,COMPLETED,Normal transit progression
RTE-045-3,SHP-2026-145,Transit Checkpoint Alpha,2026-09-13 05:47 UTC,Stage 3 Location,0,ON_TIME,Normal transit progression
RTE-045-4,SHP-2026-145,Port / Airport Logistics Ramp,2026-09-13 12:47 UTC,Stage 4 Location,0,ON_TIME,Normal transit progression
RTE-045-5,SHP-2026-145,Export Inspection Dock,2026-09-13 18:47 UTC,Stage 5 Location,0,ON_TIME,Normal transit progression
RTE-045-6,SHP-2026-145,Final Aircraft / Vessel Loading,2026-09-13 22:47 UTC,Stage 6 Location,0,SCHEDULED,Normal transit progression
RTE-046-1,SHP-2026-146,Batch Creation,2026-09-13 02:47 UTC,Stage 1 Location,0,COMPLETED,Normal transit progression
RTE-046-2,SHP-2026-146,Cold Storage Exit & Loading,2026-09-13 03:47 UTC,Stage 2 Location,0,COMPLETED,Normal transit progression
RTE-046-3,SHP-2026-146,Transit Checkpoint Alpha,2026-09-13 07:47 UTC,Stage 3 Location,0,ON_TIME,Normal transit progression
RTE-046-4,SHP-2026-146,Port / Airport Logistics Ramp,2026-09-13 14:47 UTC,Stage 4 Location,0,ON_TIME,Normal transit progression
RTE-046-5,SHP-2026-146,Export Inspection Dock,2026-09-13 20:47 UTC,Stage 5 Location,0,ON_TIME,Normal transit progression
RTE-046-6,SHP-2026-146,Final Aircraft / Vessel Loading,2026-09-14 00:47 UTC,Stage 6 Location,0,SCHEDULED,Normal transit progression
RTE-047-1,SHP-2026-147,Batch Creation,2026-09-13 04:47 UTC,Stage 1 Location,0,COMPLETED,Normal transit progression
RTE-047-2,SHP-2026-147,Cold Storage Exit & Loading,2026-09-13 05:47 UTC,Stage 2 Location,0,COMPLETED,Normal transit progression
RTE-047-3,SHP-2026-147,Transit Checkpoint Alpha,2026-09-13 09:47 UTC,Stage 3 Location,0,ON_TIME,Normal transit progression
RTE-047-4,SHP-2026-147,Port / Airport Logistics Ramp,2026-09-13 16:47 UTC,Stage 4 Location,0,ON_TIME,Normal transit progression
RTE-047-5,SHP-2026-147,Export Inspection Dock,2026-09-13 22:47 UTC,Stage 5 Location,0,ON_TIME,Normal transit progression
RTE-047-6,SHP-2026-147,Final Aircraft / Vessel Loading,2026-09-14 02:47 UTC,Stage 6 Location,0,SCHEDULED,Normal transit progression
RTE-048-1,SHP-2026-148,Batch Creation,2026-09-13 06:47 UTC,Stage 1 Location,0,COMPLETED,Normal transit progression
RTE-048-2,SHP-2026-148,Cold Storage Exit & Loading,2026-09-13 07:47 UTC,Stage 2 Location,0,COMPLETED,Normal transit progression
RTE-048-3,SHP-2026-148,Transit Checkpoint Alpha,2026-09-13 11:47 UTC,Stage 3 Location,0,ON_TIME,Normal transit progression
RTE-048-4,SHP-2026-148,Port / Airport Logistics Ramp,2026-09-13 18:47 UTC,Stage 4 Location,0,ON_TIME,Normal transit progression
RTE-048-5,SHP-2026-148,Export Inspection Dock,2026-09-14 00:47 UTC,Stage 5 Location,0,ON_TIME,Normal transit progression
RTE-048-6,SHP-2026-148,Final Aircraft / Vessel Loading,2026-09-14 04:47 UTC,Stage 6 Location,0,SCHEDULED,Normal transit progression
RTE-049-1,SHP-2026-149,Batch Creation,2026-09-13 08:47 UTC,Stage 1 Location,0,COMPLETED,Normal transit progression
RTE-049-2,SHP-2026-149,Cold Storage Exit & Loading,2026-09-13 09:47 UTC,Stage 2 Location,0,COMPLETED,Normal transit progression
RTE-049-3,SHP-2026-149,Transit Checkpoint Alpha,2026-09-13 13:47 UTC,Stage 3 Location,0,ON_TIME,Normal transit progression
RTE-049-4,SHP-2026-149,Port / Airport Logistics Ramp,2026-09-13 20:47 UTC,Stage 4 Location,0,ON_TIME,Normal transit progression
RTE-049-5,SHP-2026-149,Export Inspection Dock,2026-09-14 02:47 UTC,Stage 5 Location,0,ON_TIME,Normal transit progression
RTE-049-6,SHP-2026-149,Final Aircraft / Vessel Loading,2026-09-14 06:47 UTC,Stage 6 Location,0,SCHEDULED,Normal transit progression
RTE-050-1,SHP-2026-150,Batch Creation,2026-09-13 10:47 UTC,Stage 1 Location,0,COMPLETED,Normal transit progression
RTE-050-2,SHP-2026-150,Cold Storage Exit & Loading,2026-09-13 11:47 UTC,Stage 2 Location,0,COMPLETED,Normal transit progression
RTE-050-3,SHP-2026-150,Transit Checkpoint Alpha,2026-09-13 15:47 UTC,Stage 3 Location,45,DELAYED,Traffic congestion causing 45 min delay
RTE-050-4,SHP-2026-150,Port / Airport Logistics Ramp,2026-09-13 22:47 UTC,Stage 4 Location,0,ON_TIME,Normal transit progression
RTE-050-5,SHP-2026-150,Export Inspection Dock,2026-09-14 04:47 UTC,Stage 5 Location,0,ON_TIME,Normal transit progression
RTE-050-6,SHP-2026-150,Final Aircraft / Vessel Loading,2026-09-14 08:47 UTC,Stage 6 Location,0,SCHEDULED,Normal transit progression
RTE-051-1,SHP-2026-151,Batch Creation,2026-09-13 12:47 UTC,Stage 1 Location,0,COMPLETED,Normal transit progression
RTE-051-2,SHP-2026-151,Cold Storage Exit & Loading,2026-09-13 13:47 UTC,Stage 2 Location,0,COMPLETED,Normal transit progression
RTE-051-3,SHP-2026-151,Transit Checkpoint Alpha,2026-09-13 17:47 UTC,Stage 3 Location,0,ON_TIME,Normal transit progression
RTE-051-4,SHP-2026-151,Port / Airport Logistics Ramp,2026-09-14 00:47 UTC,Stage 4 Location,0,ON_TIME,Normal transit progression
RTE-051-5,SHP-2026-151,Export Inspection Dock,2026-09-14 06:47 UTC,Stage 5 Location,0,ON_TIME,Normal transit progression
RTE-051-6,SHP-2026-151,Final Aircraft / Vessel Loading,2026-09-14 10:47 UTC,Stage 6 Location,0,SCHEDULED,Normal transit progression
RTE-052-1,SHP-2026-152,Batch Creation,2026-09-13 14:47 UTC,Stage 1 Location,0,COMPLETED,Normal transit progression
RTE-052-2,SHP-2026-152,Cold Storage Exit & Loading,2026-09-13 15:47 UTC,Stage 2 Location,0,COMPLETED,Normal transit progression
RTE-052-3,SHP-2026-152,Transit Checkpoint Alpha,2026-09-13 19:47 UTC,Stage 3 Location,0,ON_TIME,Normal transit progression
RTE-052-4,SHP-2026-152,Port / Airport Logistics Ramp,2026-09-14 02:47 UTC,Stage 4 Location,0,ON_TIME,Normal transit progression
RTE-052-5,SHP-2026-152,Export Inspection Dock,2026-09-14 08:47 UTC,Stage 5 Location,0,ON_TIME,Normal transit progression
RTE-052-6,SHP-2026-152,Final Aircraft / Vessel Loading,2026-09-14 12:47 UTC,Stage 6 Location,0,SCHEDULED,Normal transit progression
RTE-053-1,SHP-2026-153,Batch Creation,2026-09-13 16:47 UTC,Stage 1 Location,0,COMPLETED,Normal transit progression
RTE-053-2,SHP-2026-153,Cold Storage Exit & Loading,2026-09-13 17:47 UTC,Stage 2 Location,0,COMPLETED,Normal transit progression
RTE-053-3,SHP-2026-153,Transit Checkpoint Alpha,2026-09-13 21:47 UTC,Stage 3 Location,0,ON_TIME,Normal transit progression
RTE-053-4,SHP-2026-153,Port / Airport Logistics Ramp,2026-09-14 04:47 UTC,Stage 4 Location,0,ON_TIME,Normal transit progression
RTE-053-5,SHP-2026-153,Export Inspection Dock,2026-09-14 10:47 UTC,Stage 5 Location,0,ON_TIME,Normal transit progression
RTE-053-6,SHP-2026-153,Final Aircraft / Vessel Loading,2026-09-14 14:47 UTC,Stage 6 Location,0,SCHEDULED,Normal transit progression
RTE-054-1,SHP-2026-154,Batch Creation,2026-09-13 18:47 UTC,Stage 1 Location,0,COMPLETED,Normal transit progression
RTE-054-2,SHP-2026-154,Cold Storage Exit & Loading,2026-09-13 19:47 UTC,Stage 2 Location,0,COMPLETED,Normal transit progression
RTE-054-3,SHP-2026-154,Transit Checkpoint Alpha,2026-09-13 23:47 UTC,Stage 3 Location,0,ON_TIME,Normal transit progression
RTE-054-4,SHP-2026-154,Port / Airport Logistics Ramp,2026-09-14 06:47 UTC,Stage 4 Location,0,ON_TIME,Normal transit progression
RTE-054-5,SHP-2026-154,Export Inspection Dock,2026-09-14 12:47 UTC,Stage 5 Location,0,ON_TIME,Normal transit progression
RTE-054-6,SHP-2026-154,Final Aircraft / Vessel Loading,2026-09-14 16:47 UTC,Stage 6 Location,0,SCHEDULED,Normal transit progression
RTE-055-1,SHP-2026-155,Batch Creation,2026-09-13 20:47 UTC,Stage 1 Location,0,COMPLETED,Normal transit progression
RTE-055-2,SHP-2026-155,Cold Storage Exit & Loading,2026-09-13 21:47 UTC,Stage 2 Location,0,COMPLETED,Normal transit progression
RTE-055-3,SHP-2026-155,Transit Checkpoint Alpha,2026-09-14 01:47 UTC,Stage 3 Location,0,ON_TIME,Normal transit progression
RTE-055-4,SHP-2026-155,Port / Airport Logistics Ramp,2026-09-14 08:47 UTC,Stage 4 Location,0,ON_TIME,Normal transit progression
RTE-055-5,SHP-2026-155,Export Inspection Dock,2026-09-14 14:47 UTC,Stage 5 Location,0,ON_TIME,Normal transit progression
RTE-055-6,SHP-2026-155,Final Aircraft / Vessel Loading,2026-09-14 18:47 UTC,Stage 6 Location,0,SCHEDULED,Normal transit progression
RTE-056-1,SHP-2026-156,Batch Creation,2026-09-13 22:47 UTC,Stage 1 Location,0,COMPLETED,Normal transit progression
RTE-056-2,SHP-2026-156,Cold Storage Exit & Loading,2026-09-13 23:47 UTC,Stage 2 Location,0,COMPLETED,Normal transit progression
RTE-056-3,SHP-2026-156,Transit Checkpoint Alpha,2026-09-14 03:47 UTC,Stage 3 Location,0,ON_TIME,Normal transit progression
RTE-056-4,SHP-2026-156,Port / Airport Logistics Ramp,2026-09-14 10:47 UTC,Stage 4 Location,0,ON_TIME,Normal transit progression
RTE-056-5,SHP-2026-156,Export Inspection Dock,2026-09-14 16:47 UTC,Stage 5 Location,0,ON_TIME,Normal transit progression
RTE-056-6,SHP-2026-156,Final Aircraft / Vessel Loading,2026-09-14 20:47 UTC,Stage 6 Location,0,SCHEDULED,Normal transit progression
RTE-057-1,SHP-2026-157,Batch Creation,2026-09-14 00:47 UTC,Stage 1 Location,0,COMPLETED,Normal transit progression
RTE-057-2,SHP-2026-157,Cold Storage Exit & Loading,2026-09-14 01:47 UTC,Stage 2 Location,0,COMPLETED,Normal transit progression
RTE-057-3,SHP-2026-157,Transit Checkpoint Alpha,2026-09-14 05:47 UTC,Stage 3 Location,0,ON_TIME,Normal transit progression
RTE-057-4,SHP-2026-157,Port / Airport Logistics Ramp,2026-09-14 12:47 UTC,Stage 4 Location,0,ON_TIME,Normal transit progression
RTE-057-5,SHP-2026-157,Export Inspection Dock,2026-09-14 18:47 UTC,Stage 5 Location,0,ON_TIME,Normal transit progression
RTE-057-6,SHP-2026-157,Final Aircraft / Vessel Loading,2026-09-14 22:47 UTC,Stage 6 Location,0,SCHEDULED,Normal transit progression
RTE-058-1,SHP-2026-158,Batch Creation,2026-09-14 02:47 UTC,Stage 1 Location,0,COMPLETED,Normal transit progression
RTE-058-2,SHP-2026-158,Cold Storage Exit & Loading,2026-09-14 03:47 UTC,Stage 2 Location,0,COMPLETED,Normal transit progression
RTE-058-3,SHP-2026-158,Transit Checkpoint Alpha,2026-09-14 07:47 UTC,Stage 3 Location,0,ON_TIME,Normal transit progression
RTE-058-4,SHP-2026-158,Port / Airport Logistics Ramp,2026-09-14 14:47 UTC,Stage 4 Location,0,ON_TIME,Normal transit progression
RTE-058-5,SHP-2026-158,Export Inspection Dock,2026-09-14 20:47 UTC,Stage 5 Location,0,ON_TIME,Normal transit progression
RTE-058-6,SHP-2026-158,Final Aircraft / Vessel Loading,2026-09-15 00:47 UTC,Stage 6 Location,0,SCHEDULED,Normal transit progression
RTE-059-1,SHP-2026-159,Batch Creation,2026-09-14 04:47 UTC,Stage 1 Location,0,COMPLETED,Normal transit progression
RTE-059-2,SHP-2026-159,Cold Storage Exit & Loading,2026-09-14 05:47 UTC,Stage 2 Location,0,COMPLETED,Normal transit progression
RTE-059-3,SHP-2026-159,Transit Checkpoint Alpha,2026-09-14 09:47 UTC,Stage 3 Location,0,ON_TIME,Normal transit progression
RTE-059-4,SHP-2026-159,Port / Airport Logistics Ramp,2026-09-14 16:47 UTC,Stage 4 Location,0,ON_TIME,Normal transit progression
RTE-059-5,SHP-2026-159,Export Inspection Dock,2026-09-14 22:47 UTC,Stage 5 Location,0,ON_TIME,Normal transit progression
RTE-059-6,SHP-2026-159,Final Aircraft / Vessel Loading,2026-09-15 02:47 UTC,Stage 6 Location,0,SCHEDULED,Normal transit progression
RTE-060-1,SHP-2026-160,Batch Creation,2026-09-14 06:47 UTC,Stage 1 Location,0,COMPLETED,Normal transit progression
RTE-060-2,SHP-2026-160,Cold Storage Exit & Loading,2026-09-14 07:47 UTC,Stage 2 Location,0,COMPLETED,Normal transit progression
RTE-060-3,SHP-2026-160,Transit Checkpoint Alpha,2026-09-14 11:47 UTC,Stage 3 Location,0,ON_TIME,Normal transit progression
RTE-060-4,SHP-2026-160,Port / Airport Logistics Ramp,2026-09-14 18:47 UTC,Stage 4 Location,0,ON_TIME,Normal transit progression
RTE-060-5,SHP-2026-160,Export Inspection Dock,2026-09-15 00:47 UTC,Stage 5 Location,0,ON_TIME,Normal transit progression
RTE-060-6,SHP-2026-160,Final Aircraft / Vessel Loading,2026-09-15 04:47 UTC,Stage 6 Location,0,SCHEDULED,Normal transit progression
RTE-061-1,SHP-2026-161,Batch Creation,2026-09-14 08:47 UTC,Stage 1 Location,0,COMPLETED,Normal transit progression
RTE-061-2,SHP-2026-161,Cold Storage Exit & Loading,2026-09-14 09:47 UTC,Stage 2 Location,0,COMPLETED,Normal transit progression
RTE-061-3,SHP-2026-161,Transit Checkpoint Alpha,2026-09-14 13:47 UTC,Stage 3 Location,0,ON_TIME,Normal transit progression
RTE-061-4,SHP-2026-161,Port / Airport Logistics Ramp,2026-09-14 20:47 UTC,Stage 4 Location,0,ON_TIME,Normal transit progression
RTE-061-5,SHP-2026-161,Export Inspection Dock,2026-09-15 02:47 UTC,Stage 5 Location,0,ON_TIME,Normal transit progression
RTE-061-6,SHP-2026-161,Final Aircraft / Vessel Loading,2026-09-15 06:47 UTC,Stage 6 Location,0,SCHEDULED,Normal transit progression
RTE-062-1,SHP-2026-162,Batch Creation,2026-09-14 10:47 UTC,Stage 1 Location,0,COMPLETED,Normal transit progression
RTE-062-2,SHP-2026-162,Cold Storage Exit & Loading,2026-09-14 11:47 UTC,Stage 2 Location,0,COMPLETED,Normal transit progression
RTE-062-3,SHP-2026-162,Transit Checkpoint Alpha,2026-09-14 15:47 UTC,Stage 3 Location,0,ON_TIME,Normal transit progression
RTE-062-4,SHP-2026-162,Port / Airport Logistics Ramp,2026-09-14 22:47 UTC,Stage 4 Location,0,ON_TIME,Normal transit progression
RTE-062-5,SHP-2026-162,Export Inspection Dock,2026-09-15 04:47 UTC,Stage 5 Location,0,ON_TIME,Normal transit progression
RTE-062-6,SHP-2026-162,Final Aircraft / Vessel Loading,2026-09-15 08:47 UTC,Stage 6 Location,0,SCHEDULED,Normal transit progression
RTE-063-1,SHP-2026-163,Batch Creation,2026-09-14 12:47 UTC,Stage 1 Location,0,COMPLETED,Normal transit progression
RTE-063-2,SHP-2026-163,Cold Storage Exit & Loading,2026-09-14 13:47 UTC,Stage 2 Location,0,COMPLETED,Normal transit progression
RTE-063-3,SHP-2026-163,Transit Checkpoint Alpha,2026-09-14 17:47 UTC,Stage 3 Location,0,ON_TIME,Normal transit progression
RTE-063-4,SHP-2026-163,Port / Airport Logistics Ramp,2026-09-15 00:47 UTC,Stage 4 Location,0,ON_TIME,Normal transit progression
RTE-063-5,SHP-2026-163,Export Inspection Dock,2026-09-15 06:47 UTC,Stage 5 Location,0,ON_TIME,Normal transit progression
RTE-063-6,SHP-2026-163,Final Aircraft / Vessel Loading,2026-09-15 10:47 UTC,Stage 6 Location,0,SCHEDULED,Normal transit progression
RTE-064-1,SHP-2026-164,Batch Creation,2026-09-14 14:47 UTC,Stage 1 Location,0,COMPLETED,Normal transit progression
RTE-064-2,SHP-2026-164,Cold Storage Exit & Loading,2026-09-14 15:47 UTC,Stage 2 Location,0,COMPLETED,Normal transit progression
RTE-064-3,SHP-2026-164,Transit Checkpoint Alpha,2026-09-14 19:47 UTC,Stage 3 Location,0,ON_TIME,Normal transit progression
RTE-064-4,SHP-2026-164,Port / Airport Logistics Ramp,2026-09-15 02:47 UTC,Stage 4 Location,0,ON_TIME,Normal transit progression
RTE-064-5,SHP-2026-164,Export Inspection Dock,2026-09-15 08:47 UTC,Stage 5 Location,0,ON_TIME,Normal transit progression
RTE-064-6,SHP-2026-164,Final Aircraft / Vessel Loading,2026-09-15 12:47 UTC,Stage 6 Location,0,SCHEDULED,Normal transit progression
RTE-065-1,SHP-2026-165,Batch Creation,2026-09-14 16:47 UTC,Stage 1 Location,0,COMPLETED,Normal transit progression
RTE-065-2,SHP-2026-165,Cold Storage Exit & Loading,2026-09-14 17:47 UTC,Stage 2 Location,0,COMPLETED,Normal transit progression
RTE-065-3,SHP-2026-165,Transit Checkpoint Alpha,2026-09-14 21:47 UTC,Stage 3 Location,0,ON_TIME,Normal transit progression
RTE-065-4,SHP-2026-165,Port / Airport Logistics Ramp,2026-09-15 04:47 UTC,Stage 4 Location,0,ON_TIME,Normal transit progression
RTE-065-5,SHP-2026-165,Export Inspection Dock,2026-09-15 10:47 UTC,Stage 5 Location,0,ON_TIME,Normal transit progression
RTE-065-6,SHP-2026-165,Final Aircraft / Vessel Loading,2026-09-15 14:47 UTC,Stage 6 Location,0,SCHEDULED,Normal transit progression
RTE-066-1,SHP-2026-166,Batch Creation,2026-09-14 18:47 UTC,Stage 1 Location,0,COMPLETED,Normal transit progression
RTE-066-2,SHP-2026-166,Cold Storage Exit & Loading,2026-09-14 19:47 UTC,Stage 2 Location,0,COMPLETED,Normal transit progression
RTE-066-3,SHP-2026-166,Transit Checkpoint Alpha,2026-09-14 23:47 UTC,Stage 3 Location,0,ON_TIME,Normal transit progression
RTE-066-4,SHP-2026-166,Port / Airport Logistics Ramp,2026-09-15 06:47 UTC,Stage 4 Location,0,ON_TIME,Normal transit progression
RTE-066-5,SHP-2026-166,Export Inspection Dock,2026-09-15 12:47 UTC,Stage 5 Location,0,ON_TIME,Normal transit progression
RTE-066-6,SHP-2026-166,Final Aircraft / Vessel Loading,2026-09-15 16:47 UTC,Stage 6 Location,0,SCHEDULED,Normal transit progression
RTE-067-1,SHP-2026-167,Batch Creation,2026-09-14 20:47 UTC,Stage 1 Location,0,COMPLETED,Normal transit progression
RTE-067-2,SHP-2026-167,Cold Storage Exit & Loading,2026-09-14 21:47 UTC,Stage 2 Location,0,COMPLETED,Normal transit progression
RTE-067-3,SHP-2026-167,Transit Checkpoint Alpha,2026-09-15 01:47 UTC,Stage 3 Location,0,ON_TIME,Normal transit progression
RTE-067-4,SHP-2026-167,Port / Airport Logistics Ramp,2026-09-15 08:47 UTC,Stage 4 Location,0,ON_TIME,Normal transit progression
RTE-067-5,SHP-2026-167,Export Inspection Dock,2026-09-15 14:47 UTC,Stage 5 Location,0,ON_TIME,Normal transit progression
RTE-067-6,SHP-2026-167,Final Aircraft / Vessel Loading,2026-09-15 18:47 UTC,Stage 6 Location,0,SCHEDULED,Normal transit progression
RTE-068-1,SHP-2026-168,Batch Creation,2026-09-14 22:47 UTC,Stage 1 Location,0,COMPLETED,Normal transit progression
RTE-068-2,SHP-2026-168,Cold Storage Exit & Loading,2026-09-14 23:47 UTC,Stage 2 Location,0,COMPLETED,Normal transit progression
RTE-068-3,SHP-2026-168,Transit Checkpoint Alpha,2026-09-15 03:47 UTC,Stage 3 Location,0,ON_TIME,Normal transit progression
RTE-068-4,SHP-2026-168,Port / Airport Logistics Ramp,2026-09-15 10:47 UTC,Stage 4 Location,0,ON_TIME,Normal transit progression
RTE-068-5,SHP-2026-168,Export Inspection Dock,2026-09-15 16:47 UTC,Stage 5 Location,0,ON_TIME,Normal transit progression
RTE-068-6,SHP-2026-168,Final Aircraft / Vessel Loading,2026-09-15 20:47 UTC,Stage 6 Location,0,SCHEDULED,Normal transit progression
RTE-069-1,SHP-2026-169,Batch Creation,2026-09-15 00:47 UTC,Stage 1 Location,0,COMPLETED,Normal transit progression
RTE-069-2,SHP-2026-169,Cold Storage Exit & Loading,2026-09-15 01:47 UTC,Stage 2 Location,0,COMPLETED,Normal transit progression
RTE-069-3,SHP-2026-169,Transit Checkpoint Alpha,2026-09-15 05:47 UTC,Stage 3 Location,0,ON_TIME,Normal transit progression
RTE-069-4,SHP-2026-169,Port / Airport Logistics Ramp,2026-09-15 12:47 UTC,Stage 4 Location,0,ON_TIME,Normal transit progression
RTE-069-5,SHP-2026-169,Export Inspection Dock,2026-09-15 18:47 UTC,Stage 5 Location,0,ON_TIME,Normal transit progression
RTE-069-6,SHP-2026-169,Final Aircraft / Vessel Loading,2026-09-15 22:47 UTC,Stage 6 Location,0,SCHEDULED,Normal transit progression
RTE-070-1,SHP-2026-170,Batch Creation,2026-09-15 02:47 UTC,Stage 1 Location,0,COMPLETED,Normal transit progression
RTE-070-2,SHP-2026-170,Cold Storage Exit & Loading,2026-09-15 03:47 UTC,Stage 2 Location,0,COMPLETED,Normal transit progression
RTE-070-3,SHP-2026-170,Transit Checkpoint Alpha,2026-09-15 07:47 UTC,Stage 3 Location,0,ON_TIME,Normal transit progression
RTE-070-4,SHP-2026-170,Port / Airport Logistics Ramp,2026-09-15 14:47 UTC,Stage 4 Location,0,ON_TIME,Normal transit progression
RTE-070-5,SHP-2026-170,Export Inspection Dock,2026-09-15 20:47 UTC,Stage 5 Location,0,ON_TIME,Normal transit progression
RTE-070-6,SHP-2026-170,Final Aircraft / Vessel Loading,2026-09-16 00:47 UTC,Stage 6 Location,0,SCHEDULED,Normal transit progression
RTE-071-1,SHP-2026-171,Batch Creation,2026-09-15 04:47 UTC,Stage 1 Location,0,COMPLETED,Normal transit progression
RTE-071-2,SHP-2026-171,Cold Storage Exit & Loading,2026-09-15 05:47 UTC,Stage 2 Location,0,COMPLETED,Normal transit progression
RTE-071-3,SHP-2026-171,Transit Checkpoint Alpha,2026-09-15 09:47 UTC,Stage 3 Location,0,ON_TIME,Normal transit progression
RTE-071-4,SHP-2026-171,Port / Airport Logistics Ramp,2026-09-15 16:47 UTC,Stage 4 Location,0,ON_TIME,Normal transit progression
RTE-071-5,SHP-2026-171,Export Inspection Dock,2026-09-15 22:47 UTC,Stage 5 Location,0,ON_TIME,Normal transit progression
RTE-071-6,SHP-2026-171,Final Aircraft / Vessel Loading,2026-09-16 02:47 UTC,Stage 6 Location,0,SCHEDULED,Normal transit progression
RTE-072-1,SHP-2026-172,Batch Creation,2026-09-15 06:47 UTC,Stage 1 Location,0,COMPLETED,Normal transit progression
RTE-072-2,SHP-2026-172,Cold Storage Exit & Loading,2026-09-15 07:47 UTC,Stage 2 Location,0,COMPLETED,Normal transit progression
RTE-072-3,SHP-2026-172,Transit Checkpoint Alpha,2026-09-15 11:47 UTC,Stage 3 Location,0,ON_TIME,Normal transit progression
RTE-072-4,SHP-2026-172,Port / Airport Logistics Ramp,2026-09-15 18:47 UTC,Stage 4 Location,0,ON_TIME,Normal transit progression
RTE-072-5,SHP-2026-172,Export Inspection Dock,2026-09-16 00:47 UTC,Stage 5 Location,0,ON_TIME,Normal transit progression
RTE-072-6,SHP-2026-172,Final Aircraft / Vessel Loading,2026-09-16 04:47 UTC,Stage 6 Location,0,SCHEDULED,Normal transit progression
RTE-073-1,SHP-2026-173,Batch Creation,2026-09-15 08:47 UTC,Stage 1 Location,0,COMPLETED,Normal transit progression
RTE-073-2,SHP-2026-173,Cold Storage Exit & Loading,2026-09-15 09:47 UTC,Stage 2 Location,0,COMPLETED,Normal transit progression
RTE-073-3,SHP-2026-173,Transit Checkpoint Alpha,2026-09-15 13:47 UTC,Stage 3 Location,0,ON_TIME,Normal transit progression
RTE-073-4,SHP-2026-173,Port / Airport Logistics Ramp,2026-09-15 20:47 UTC,Stage 4 Location,0,ON_TIME,Normal transit progression
RTE-073-5,SHP-2026-173,Export Inspection Dock,2026-09-16 02:47 UTC,Stage 5 Location,0,ON_TIME,Normal transit progression
RTE-073-6,SHP-2026-173,Final Aircraft / Vessel Loading,2026-09-16 06:47 UTC,Stage 6 Location,0,SCHEDULED,Normal transit progression
RTE-074-1,SHP-2026-174,Batch Creation,2026-09-15 10:47 UTC,Stage 1 Location,0,COMPLETED,Normal transit progression
RTE-074-2,SHP-2026-174,Cold Storage Exit & Loading,2026-09-15 11:47 UTC,Stage 2 Location,0,COMPLETED,Normal transit progression
RTE-074-3,SHP-2026-174,Transit Checkpoint Alpha,2026-09-15 15:47 UTC,Stage 3 Location,0,ON_TIME,Normal transit progression
RTE-074-4,SHP-2026-174,Port / Airport Logistics Ramp,2026-09-15 22:47 UTC,Stage 4 Location,0,ON_TIME,Normal transit progression
RTE-074-5,SHP-2026-174,Export Inspection Dock,2026-09-16 04:47 UTC,Stage 5 Location,0,ON_TIME,Normal transit progression
RTE-074-6,SHP-2026-174,Final Aircraft / Vessel Loading,2026-09-16 08:47 UTC,Stage 6 Location,0,SCHEDULED,Normal transit progression
RTE-075-1,SHP-2026-175,Batch Creation,2026-09-15 12:47 UTC,Stage 1 Location,0,COMPLETED,Normal transit progression
RTE-075-2,SHP-2026-175,Cold Storage Exit & Loading,2026-09-15 13:47 UTC,Stage 2 Location,0,COMPLETED,Normal transit progression
RTE-075-3,SHP-2026-175,Transit Checkpoint Alpha,2026-09-15 17:47 UTC,Stage 3 Location,0,ON_TIME,Normal transit progression
RTE-075-4,SHP-2026-175,Port / Airport Logistics Ramp,2026-09-16 00:47 UTC,Stage 4 Location,0,ON_TIME,Normal transit progression
RTE-075-5,SHP-2026-175,Export Inspection Dock,2026-09-16 06:47 UTC,Stage 5 Location,0,ON_TIME,Normal transit progression
RTE-075-6,SHP-2026-175,Final Aircraft / Vessel Loading,2026-09-16 10:47 UTC,Stage 6 Location,0,SCHEDULED,Normal transit progression
RTE-076-1,SHP-2026-176,Batch Creation,2026-09-15 14:47 UTC,Stage 1 Location,0,COMPLETED,Normal transit progression
RTE-076-2,SHP-2026-176,Cold Storage Exit & Loading,2026-09-15 15:47 UTC,Stage 2 Location,0,COMPLETED,Normal transit progression
RTE-076-3,SHP-2026-176,Transit Checkpoint Alpha,2026-09-15 19:47 UTC,Stage 3 Location,0,ON_TIME,Normal transit progression
RTE-076-4,SHP-2026-176,Port / Airport Logistics Ramp,2026-09-16 02:47 UTC,Stage 4 Location,0,ON_TIME,Normal transit progression
RTE-076-5,SHP-2026-176,Export Inspection Dock,2026-09-16 08:47 UTC,Stage 5 Location,0,ON_TIME,Normal transit progression
RTE-076-6,SHP-2026-176,Final Aircraft / Vessel Loading,2026-09-16 12:47 UTC,Stage 6 Location,0,SCHEDULED,Normal transit progression
RTE-077-1,SHP-2026-177,Batch Creation,2026-09-15 16:47 UTC,Stage 1 Location,0,COMPLETED,Normal transit progression
RTE-077-2,SHP-2026-177,Cold Storage Exit & Loading,2026-09-15 17:47 UTC,Stage 2 Location,0,COMPLETED,Normal transit progression
RTE-077-3,SHP-2026-177,Transit Checkpoint Alpha,2026-09-15 21:47 UTC,Stage 3 Location,0,ON_TIME,Normal transit progression
RTE-077-4,SHP-2026-177,Port / Airport Logistics Ramp,2026-09-16 04:47 UTC,Stage 4 Location,0,ON_TIME,Normal transit progression
RTE-077-5,SHP-2026-177,Export Inspection Dock,2026-09-16 10:47 UTC,Stage 5 Location,0,ON_TIME,Normal transit progression
RTE-077-6,SHP-2026-177,Final Aircraft / Vessel Loading,2026-09-16 14:47 UTC,Stage 6 Location,0,SCHEDULED,Normal transit progression
RTE-078-1,SHP-2026-178,Batch Creation,2026-09-15 18:47 UTC,Stage 1 Location,0,COMPLETED,Normal transit progression
RTE-078-2,SHP-2026-178,Cold Storage Exit & Loading,2026-09-15 19:47 UTC,Stage 2 Location,0,COMPLETED,Normal transit progression
RTE-078-3,SHP-2026-178,Transit Checkpoint Alpha,2026-09-15 23:47 UTC,Stage 3 Location,0,ON_TIME,Normal transit progression
RTE-078-4,SHP-2026-178,Port / Airport Logistics Ramp,2026-09-16 06:47 UTC,Stage 4 Location,0,ON_TIME,Normal transit progression
RTE-078-5,SHP-2026-178,Export Inspection Dock,2026-09-16 12:47 UTC,Stage 5 Location,0,ON_TIME,Normal transit progression
RTE-078-6,SHP-2026-178,Final Aircraft / Vessel Loading,2026-09-16 16:47 UTC,Stage 6 Location,0,SCHEDULED,Normal transit progression
RTE-079-1,SHP-2026-179,Batch Creation,2026-09-15 20:47 UTC,Stage 1 Location,0,COMPLETED,Normal transit progression
RTE-079-2,SHP-2026-179,Cold Storage Exit & Loading,2026-09-15 21:47 UTC,Stage 2 Location,0,COMPLETED,Normal transit progression
RTE-079-3,SHP-2026-179,Transit Checkpoint Alpha,2026-09-16 01:47 UTC,Stage 3 Location,0,ON_TIME,Normal transit progression
RTE-079-4,SHP-2026-179,Port / Airport Logistics Ramp,2026-09-16 08:47 UTC,Stage 4 Location,0,ON_TIME,Normal transit progression
RTE-079-5,SHP-2026-179,Export Inspection Dock,2026-09-16 14:47 UTC,Stage 5 Location,0,ON_TIME,Normal transit progression
RTE-079-6,SHP-2026-179,Final Aircraft / Vessel Loading,2026-09-16 18:47 UTC,Stage 6 Location,0,SCHEDULED,Normal transit progression
RTE-080-1,SHP-2026-180,Batch Creation,2026-09-15 22:47 UTC,Stage 1 Location,0,COMPLETED,Normal transit progression
RTE-080-2,SHP-2026-180,Cold Storage Exit & Loading,2026-09-15 23:47 UTC,Stage 2 Location,0,COMPLETED,Normal transit progression
RTE-080-3,SHP-2026-180,Transit Checkpoint Alpha,2026-09-16 03:47 UTC,Stage 3 Location,0,ON_TIME,Normal transit progression
RTE-080-4,SHP-2026-180,Port / Airport Logistics Ramp,2026-09-16 10:47 UTC,Stage 4 Location,0,ON_TIME,Normal transit progression
RTE-080-5,SHP-2026-180,Export Inspection Dock,2026-09-16 16:47 UTC,Stage 5 Location,0,ON_TIME,Normal transit progression
RTE-080-6,SHP-2026-180,Final Aircraft / Vessel Loading,2026-09-16 20:47 UTC,Stage 6 Location,0,SCHEDULED,Normal transit progression
RTE-081-1,SHP-2026-181,Batch Creation,2026-09-16 00:47 UTC,Stage 1 Location,0,COMPLETED,Normal transit progression
RTE-081-2,SHP-2026-181,Cold Storage Exit & Loading,2026-09-16 01:47 UTC,Stage 2 Location,0,COMPLETED,Normal transit progression
RTE-081-3,SHP-2026-181,Transit Checkpoint Alpha,2026-09-16 05:47 UTC,Stage 3 Location,0,ON_TIME,Normal transit progression
RTE-081-4,SHP-2026-181,Port / Airport Logistics Ramp,2026-09-16 12:47 UTC,Stage 4 Location,0,ON_TIME,Normal transit progression
RTE-081-5,SHP-2026-181,Export Inspection Dock,2026-09-16 18:47 UTC,Stage 5 Location,0,ON_TIME,Normal transit progression
RTE-081-6,SHP-2026-181,Final Aircraft / Vessel Loading,2026-09-16 22:47 UTC,Stage 6 Location,0,SCHEDULED,Normal transit progression
RTE-082-1,SHP-2026-182,Batch Creation,2026-09-16 02:47 UTC,Stage 1 Location,0,COMPLETED,Normal transit progression
RTE-082-2,SHP-2026-182,Cold Storage Exit & Loading,2026-09-16 03:47 UTC,Stage 2 Location,0,COMPLETED,Normal transit progression
RTE-082-3,SHP-2026-182,Transit Checkpoint Alpha,2026-09-16 07:47 UTC,Stage 3 Location,94,DELAYED,Traffic congestion causing 94 min delay
RTE-082-4,SHP-2026-182,Port / Airport Logistics Ramp,2026-09-16 14:47 UTC,Stage 4 Location,0,ON_TIME,Normal transit progression
RTE-082-5,SHP-2026-182,Export Inspection Dock,2026-09-16 20:47 UTC,Stage 5 Location,0,ON_TIME,Normal transit progression
RTE-082-6,SHP-2026-182,Final Aircraft / Vessel Loading,2026-09-17 00:47 UTC,Stage 6 Location,0,SCHEDULED,Normal transit progression
RTE-083-1,SHP-2026-183,Batch Creation,2026-09-16 04:47 UTC,Stage 1 Location,0,COMPLETED,Normal transit progression
RTE-083-2,SHP-2026-183,Cold Storage Exit & Loading,2026-09-16 05:47 UTC,Stage 2 Location,0,COMPLETED,Normal transit progression
RTE-083-3,SHP-2026-183,Transit Checkpoint Alpha,2026-09-16 09:47 UTC,Stage 3 Location,0,ON_TIME,Normal transit progression
RTE-083-4,SHP-2026-183,Port / Airport Logistics Ramp,2026-09-16 16:47 UTC,Stage 4 Location,0,ON_TIME,Normal transit progression
RTE-083-5,SHP-2026-183,Export Inspection Dock,2026-09-16 22:47 UTC,Stage 5 Location,0,ON_TIME,Normal transit progression
RTE-083-6,SHP-2026-183,Final Aircraft / Vessel Loading,2026-09-17 02:47 UTC,Stage 6 Location,0,SCHEDULED,Normal transit progression
RTE-084-1,SHP-2026-184,Batch Creation,2026-09-16 06:47 UTC,Stage 1 Location,0,COMPLETED,Normal transit progression
RTE-084-2,SHP-2026-184,Cold Storage Exit & Loading,2026-09-16 07:47 UTC,Stage 2 Location,0,COMPLETED,Normal transit progression
RTE-084-3,SHP-2026-184,Transit Checkpoint Alpha,2026-09-16 11:47 UTC,Stage 3 Location,0,ON_TIME,Normal transit progression
RTE-084-4,SHP-2026-184,Port / Airport Logistics Ramp,2026-09-16 18:47 UTC,Stage 4 Location,0,ON_TIME,Normal transit progression
RTE-084-5,SHP-2026-184,Export Inspection Dock,2026-09-17 00:47 UTC,Stage 5 Location,0,ON_TIME,Normal transit progression
RTE-084-6,SHP-2026-184,Final Aircraft / Vessel Loading,2026-09-17 04:47 UTC,Stage 6 Location,0,SCHEDULED,Normal transit progression
RTE-085-1,SHP-2026-185,Batch Creation,2026-09-16 08:47 UTC,Stage 1 Location,0,COMPLETED,Normal transit progression
RTE-085-2,SHP-2026-185,Cold Storage Exit & Loading,2026-09-16 09:47 UTC,Stage 2 Location,0,COMPLETED,Normal transit progression
RTE-085-3,SHP-2026-185,Transit Checkpoint Alpha,2026-09-16 13:47 UTC,Stage 3 Location,0,ON_TIME,Normal transit progression
RTE-085-4,SHP-2026-185,Port / Airport Logistics Ramp,2026-09-16 20:47 UTC,Stage 4 Location,0,ON_TIME,Normal transit progression
RTE-085-5,SHP-2026-185,Export Inspection Dock,2026-09-17 02:47 UTC,Stage 5 Location,0,ON_TIME,Normal transit progression
RTE-085-6,SHP-2026-185,Final Aircraft / Vessel Loading,2026-09-17 06:47 UTC,Stage 6 Location,0,SCHEDULED,Normal transit progression
RTE-086-1,SHP-2026-186,Batch Creation,2026-09-16 10:47 UTC,Stage 1 Location,0,COMPLETED,Normal transit progression
RTE-086-2,SHP-2026-186,Cold Storage Exit & Loading,2026-09-16 11:47 UTC,Stage 2 Location,0,COMPLETED,Normal transit progression
RTE-086-3,SHP-2026-186,Transit Checkpoint Alpha,2026-09-16 15:47 UTC,Stage 3 Location,0,ON_TIME,Normal transit progression
RTE-086-4,SHP-2026-186,Port / Airport Logistics Ramp,2026-09-16 22:47 UTC,Stage 4 Location,0,ON_TIME,Normal transit progression
RTE-086-5,SHP-2026-186,Export Inspection Dock,2026-09-17 04:47 UTC,Stage 5 Location,0,ON_TIME,Normal transit progression
RTE-086-6,SHP-2026-186,Final Aircraft / Vessel Loading,2026-09-17 08:47 UTC,Stage 6 Location,0,SCHEDULED,Normal transit progression
RTE-087-1,SHP-2026-187,Batch Creation,2026-09-16 12:47 UTC,Stage 1 Location,0,COMPLETED,Normal transit progression
RTE-087-2,SHP-2026-187,Cold Storage Exit & Loading,2026-09-16 13:47 UTC,Stage 2 Location,0,COMPLETED,Normal transit progression
RTE-087-3,SHP-2026-187,Transit Checkpoint Alpha,2026-09-16 17:47 UTC,Stage 3 Location,0,ON_TIME,Normal transit progression
RTE-087-4,SHP-2026-187,Port / Airport Logistics Ramp,2026-09-17 00:47 UTC,Stage 4 Location,0,ON_TIME,Normal transit progression
RTE-087-5,SHP-2026-187,Export Inspection Dock,2026-09-17 06:47 UTC,Stage 5 Location,0,ON_TIME,Normal transit progression
RTE-087-6,SHP-2026-187,Final Aircraft / Vessel Loading,2026-09-17 10:47 UTC,Stage 6 Location,0,SCHEDULED,Normal transit progression
RTE-088-1,SHP-2026-188,Batch Creation,2026-09-16 14:47 UTC,Stage 1 Location,0,COMPLETED,Normal transit progression
RTE-088-2,SHP-2026-188,Cold Storage Exit & Loading,2026-09-16 15:47 UTC,Stage 2 Location,0,COMPLETED,Normal transit progression
RTE-088-3,SHP-2026-188,Transit Checkpoint Alpha,2026-09-16 19:47 UTC,Stage 3 Location,0,ON_TIME,Normal transit progression
RTE-088-4,SHP-2026-188,Port / Airport Logistics Ramp,2026-09-17 02:47 UTC,Stage 4 Location,0,ON_TIME,Normal transit progression
RTE-088-5,SHP-2026-188,Export Inspection Dock,2026-09-17 08:47 UTC,Stage 5 Location,0,ON_TIME,Normal transit progression
RTE-088-6,SHP-2026-188,Final Aircraft / Vessel Loading,2026-09-17 12:47 UTC,Stage 6 Location,0,SCHEDULED,Normal transit progression
RTE-089-1,SHP-2026-189,Batch Creation,2026-09-16 16:47 UTC,Stage 1 Location,0,COMPLETED,Normal transit progression
RTE-089-2,SHP-2026-189,Cold Storage Exit & Loading,2026-09-16 17:47 UTC,Stage 2 Location,0,COMPLETED,Normal transit progression
RTE-089-3,SHP-2026-189,Transit Checkpoint Alpha,2026-09-16 21:47 UTC,Stage 3 Location,0,ON_TIME,Normal transit progression
RTE-089-4,SHP-2026-189,Port / Airport Logistics Ramp,2026-09-17 04:47 UTC,Stage 4 Location,0,ON_TIME,Normal transit progression
RTE-089-5,SHP-2026-189,Export Inspection Dock,2026-09-17 10:47 UTC,Stage 5 Location,0,ON_TIME,Normal transit progression
RTE-089-6,SHP-2026-189,Final Aircraft / Vessel Loading,2026-09-17 14:47 UTC,Stage 6 Location,0,SCHEDULED,Normal transit progression
RTE-090-1,SHP-2026-190,Batch Creation,2026-09-16 18:47 UTC,Stage 1 Location,0,COMPLETED,Normal transit progression
RTE-090-2,SHP-2026-190,Cold Storage Exit & Loading,2026-09-16 19:47 UTC,Stage 2 Location,0,COMPLETED,Normal transit progression
RTE-090-3,SHP-2026-190,Transit Checkpoint Alpha,2026-09-16 23:47 UTC,Stage 3 Location,83,DELAYED,Traffic congestion causing 83 min delay
RTE-090-4,SHP-2026-190,Port / Airport Logistics Ramp,2026-09-17 06:47 UTC,Stage 4 Location,0,ON_TIME,Normal transit progression
RTE-090-5,SHP-2026-190,Export Inspection Dock,2026-09-17 12:47 UTC,Stage 5 Location,0,ON_TIME,Normal transit progression
RTE-090-6,SHP-2026-190,Final Aircraft / Vessel Loading,2026-09-17 16:47 UTC,Stage 6 Location,0,SCHEDULED,Normal transit progression
RTE-091-1,SHP-2026-191,Batch Creation,2026-09-16 20:47 UTC,Stage 1 Location,0,COMPLETED,Normal transit progression
RTE-091-2,SHP-2026-191,Cold Storage Exit & Loading,2026-09-16 21:47 UTC,Stage 2 Location,0,COMPLETED,Normal transit progression
RTE-091-3,SHP-2026-191,Transit Checkpoint Alpha,2026-09-17 01:47 UTC,Stage 3 Location,0,ON_TIME,Normal transit progression
RTE-091-4,SHP-2026-191,Port / Airport Logistics Ramp,2026-09-17 08:47 UTC,Stage 4 Location,0,ON_TIME,Normal transit progression
RTE-091-5,SHP-2026-191,Export Inspection Dock,2026-09-17 14:47 UTC,Stage 5 Location,0,ON_TIME,Normal transit progression
RTE-091-6,SHP-2026-191,Final Aircraft / Vessel Loading,2026-09-17 18:47 UTC,Stage 6 Location,0,SCHEDULED,Normal transit progression
RTE-092-1,SHP-2026-192,Batch Creation,2026-09-16 22:47 UTC,Stage 1 Location,0,COMPLETED,Normal transit progression
RTE-092-2,SHP-2026-192,Cold Storage Exit & Loading,2026-09-16 23:47 UTC,Stage 2 Location,0,COMPLETED,Normal transit progression
RTE-092-3,SHP-2026-192,Transit Checkpoint Alpha,2026-09-17 03:47 UTC,Stage 3 Location,0,ON_TIME,Normal transit progression
RTE-092-4,SHP-2026-192,Port / Airport Logistics Ramp,2026-09-17 10:47 UTC,Stage 4 Location,0,ON_TIME,Normal transit progression
RTE-092-5,SHP-2026-192,Export Inspection Dock,2026-09-17 16:47 UTC,Stage 5 Location,0,ON_TIME,Normal transit progression
RTE-092-6,SHP-2026-192,Final Aircraft / Vessel Loading,2026-09-17 20:47 UTC,Stage 6 Location,0,SCHEDULED,Normal transit progression
RTE-093-1,SHP-2026-193,Batch Creation,2026-09-17 00:47 UTC,Stage 1 Location,0,COMPLETED,Normal transit progression
RTE-093-2,SHP-2026-193,Cold Storage Exit & Loading,2026-09-17 01:47 UTC,Stage 2 Location,0,COMPLETED,Normal transit progression
RTE-093-3,SHP-2026-193,Transit Checkpoint Alpha,2026-09-17 05:47 UTC,Stage 3 Location,0,ON_TIME,Normal transit progression
RTE-093-4,SHP-2026-193,Port / Airport Logistics Ramp,2026-09-17 12:47 UTC,Stage 4 Location,0,ON_TIME,Normal transit progression
RTE-093-5,SHP-2026-193,Export Inspection Dock,2026-09-17 18:47 UTC,Stage 5 Location,0,ON_TIME,Normal transit progression
RTE-093-6,SHP-2026-193,Final Aircraft / Vessel Loading,2026-09-17 22:47 UTC,Stage 6 Location,0,SCHEDULED,Normal transit progression
RTE-094-1,SHP-2026-194,Batch Creation,2026-09-17 02:47 UTC,Stage 1 Location,0,COMPLETED,Normal transit progression
RTE-094-2,SHP-2026-194,Cold Storage Exit & Loading,2026-09-17 03:47 UTC,Stage 2 Location,0,COMPLETED,Normal transit progression
RTE-094-3,SHP-2026-194,Transit Checkpoint Alpha,2026-09-17 07:47 UTC,Stage 3 Location,0,ON_TIME,Normal transit progression
RTE-094-4,SHP-2026-194,Port / Airport Logistics Ramp,2026-09-17 14:47 UTC,Stage 4 Location,0,ON_TIME,Normal transit progression
RTE-094-5,SHP-2026-194,Export Inspection Dock,2026-09-17 20:47 UTC,Stage 5 Location,0,ON_TIME,Normal transit progression
RTE-094-6,SHP-2026-194,Final Aircraft / Vessel Loading,2026-09-18 00:47 UTC,Stage 6 Location,0,SCHEDULED,Normal transit progression
RTE-095-1,SHP-2026-195,Batch Creation,2026-09-17 04:47 UTC,Stage 1 Location,0,COMPLETED,Normal transit progression
RTE-095-2,SHP-2026-195,Cold Storage Exit & Loading,2026-09-17 05:47 UTC,Stage 2 Location,0,COMPLETED,Normal transit progression
RTE-095-3,SHP-2026-195,Transit Checkpoint Alpha,2026-09-17 09:47 UTC,Stage 3 Location,0,ON_TIME,Normal transit progression
RTE-095-4,SHP-2026-195,Port / Airport Logistics Ramp,2026-09-17 16:47 UTC,Stage 4 Location,0,ON_TIME,Normal transit progression
RTE-095-5,SHP-2026-195,Export Inspection Dock,2026-09-17 22:47 UTC,Stage 5 Location,0,ON_TIME,Normal transit progression
RTE-095-6,SHP-2026-195,Final Aircraft / Vessel Loading,2026-09-18 02:47 UTC,Stage 6 Location,0,SCHEDULED,Normal transit progression
RTE-096-1,SHP-2026-196,Batch Creation,2026-09-17 06:47 UTC,Stage 1 Location,0,COMPLETED,Normal transit progression
RTE-096-2,SHP-2026-196,Cold Storage Exit & Loading,2026-09-17 07:47 UTC,Stage 2 Location,0,COMPLETED,Normal transit progression
RTE-096-3,SHP-2026-196,Transit Checkpoint Alpha,2026-09-17 11:47 UTC,Stage 3 Location,0,ON_TIME,Normal transit progression
RTE-096-4,SHP-2026-196,Port / Airport Logistics Ramp,2026-09-17 18:47 UTC,Stage 4 Location,0,ON_TIME,Normal transit progression
RTE-096-5,SHP-2026-196,Export Inspection Dock,2026-09-18 00:47 UTC,Stage 5 Location,0,ON_TIME,Normal transit progression
RTE-096-6,SHP-2026-196,Final Aircraft / Vessel Loading,2026-09-18 04:47 UTC,Stage 6 Location,0,SCHEDULED,Normal transit progression
RTE-097-1,SHP-2026-197,Batch Creation,2026-09-17 08:47 UTC,Stage 1 Location,0,COMPLETED,Normal transit progression
RTE-097-2,SHP-2026-197,Cold Storage Exit & Loading,2026-09-17 09:47 UTC,Stage 2 Location,0,COMPLETED,Normal transit progression
RTE-097-3,SHP-2026-197,Transit Checkpoint Alpha,2026-09-17 13:47 UTC,Stage 3 Location,0,ON_TIME,Normal transit progression
RTE-097-4,SHP-2026-197,Port / Airport Logistics Ramp,2026-09-17 20:47 UTC,Stage 4 Location,0,ON_TIME,Normal transit progression
RTE-097-5,SHP-2026-197,Export Inspection Dock,2026-09-18 02:47 UTC,Stage 5 Location,0,ON_TIME,Normal transit progression
RTE-097-6,SHP-2026-197,Final Aircraft / Vessel Loading,2026-09-18 06:47 UTC,Stage 6 Location,0,SCHEDULED,Normal transit progression
RTE-098-1,SHP-2026-198,Batch Creation,2026-09-17 10:47 UTC,Stage 1 Location,0,COMPLETED,Normal transit progression
RTE-098-2,SHP-2026-198,Cold Storage Exit & Loading,2026-09-17 11:47 UTC,Stage 2 Location,0,COMPLETED,Normal transit progression
RTE-098-3,SHP-2026-198,Transit Checkpoint Alpha,2026-09-17 15:47 UTC,Stage 3 Location,0,ON_TIME,Normal transit progression
RTE-098-4,SHP-2026-198,Port / Airport Logistics Ramp,2026-09-17 22:47 UTC,Stage 4 Location,0,ON_TIME,Normal transit progression
RTE-098-5,SHP-2026-198,Export Inspection Dock,2026-09-18 04:47 UTC,Stage 5 Location,0,ON_TIME,Normal transit progression
RTE-098-6,SHP-2026-198,Final Aircraft / Vessel Loading,2026-09-18 08:47 UTC,Stage 6 Location,0,SCHEDULED,Normal transit progression
RTE-099-1,SHP-2026-199,Batch Creation,2026-09-17 12:47 UTC,Stage 1 Location,0,COMPLETED,Normal transit progression
RTE-099-2,SHP-2026-199,Cold Storage Exit & Loading,2026-09-17 13:47 UTC,Stage 2 Location,0,COMPLETED,Normal transit progression
RTE-099-3,SHP-2026-199,Transit Checkpoint Alpha,2026-09-17 17:47 UTC,Stage 3 Location,0,ON_TIME,Normal transit progression
RTE-099-4,SHP-2026-199,Port / Airport Logistics Ramp,2026-09-18 00:47 UTC,Stage 4 Location,0,ON_TIME,Normal transit progression
RTE-099-5,SHP-2026-199,Export Inspection Dock,2026-09-18 06:47 UTC,Stage 5 Location,0,ON_TIME,Normal transit progression
RTE-099-6,SHP-2026-199,Final Aircraft / Vessel Loading,2026-09-18 10:47 UTC,Stage 6 Location,0,SCHEDULED,Normal transit progression
RTE-100-1,SHP-2026-200,Batch Creation,2026-09-17 14:47 UTC,Stage 1 Location,0,COMPLETED,Normal transit progression
RTE-100-2,SHP-2026-200,Cold Storage Exit & Loading,2026-09-17 15:47 UTC,Stage 2 Location,0,COMPLETED,Normal transit progression
RTE-100-3,SHP-2026-200,Transit Checkpoint Alpha,2026-09-17 19:47 UTC,Stage 3 Location,0,ON_TIME,Normal transit progression
RTE-100-4,SHP-2026-200,Port / Airport Logistics Ramp,2026-09-18 02:47 UTC,Stage 4 Location,0,ON_TIME,Normal transit progression
RTE-100-5,SHP-2026-200,Export Inspection Dock,2026-09-18 08:47 UTC,Stage 5 Location,0,ON_TIME,Normal transit progression
RTE-100-6,SHP-2026-200,Final Aircraft / Vessel Loading,2026-09-18 12:47 UTC,Stage 6 Location,0,SCHEDULED,Normal transit progression
