sensor_id,sensor_type,status,battery_status,signal_status,last_calibration_date,calibration_due_date,calibration_status,accuracy_rating,technician
SNS-1001,IoT Multi-Sensor (Temp/Humidity/GPS),ACTIVE,67,EXCELLENT,2026-08-22,2026-11-20,VALID,98.81,Marcus Vance (Lead Tech)
SNS-1002,IoT Multi-Sensor (Temp/Humidity/GPS),ACTIVE,75,GOOD,2026-08-04,2026-11-02,VALID,98.79,Aisha Patel (Calibration Eng)
SNS-1003,IoT Multi-Sensor (Temp/Humidity/GPS),ACTIVE,98,GOOD,2026-07-12,2026-10-10,VALID,99.86,Elena Rostova (ISO Auditor)
SNS-1004,IoT Multi-Sensor (Temp/Humidity/GPS),ACTIVE,84,EXCELLENT,2026-07-21,2026-10-19,VALID,99.42,Aisha Patel (Calibration Eng)
SNS-1005,IoT Multi-Sensor (Temp/Humidity/GPS),WARNING,90,EXCELLENT,2026-03-16,2026-06-14,EXPIRED,98.83,David Miller (Quality Ops)
SNS-1006,IoT Multi-Sensor (Temp/Humidity/GPS),ACTIVE,95,GOOD,2026-07-15,2026-10-13,VALID,99.61,Marcus Vance (Lead Tech)
SNS-1007,IoT Multi-Sensor (Temp/Humidity/GPS),ACTIVE,90,FAIR,2026-07-30,2026-10-28,VALID,98.86,Aisha Patel (Calibration Eng)
SNS-1008,IoT Multi-Sensor (Temp/Humidity/GPS),ACTIVE,100,GOOD,2026-07-26,2026-10-24,VALID,98.87,David Miller (Quality Ops)
SNS-1009,IoT Multi-Sensor (Temp/Humidity/GPS),ACTIVE,71,GOOD,2026-08-05,2026-11-03,VALID,98.68,Marcus Vance (Lead Tech)
SNS-1010,IoT Multi-Sensor (Temp/Humidity/GPS),ACTIVE,91,GOOD,2026-07-20,2026-10-18,VALID,98.56,Dr. Sarah Chen (CQA)
SNS-1011,IoT Multi-Sensor (Temp/Humidity/GPS),ACTIVE,78,FAIR,2026-08-02,2026-10-31,VALID,98.64,Elena Rostova (ISO Auditor)
SNS-1012,IoT Multi-Sensor (Temp/Humidity/GPS),ACTIVE,65,GOOD,2026-08-08,2026-11-06,VALID,99.76,David Miller (Quality Ops)
SNS-1013,IoT Multi-Sensor (Temp/Humidity/GPS),ACTIVE,66,FAIR,2026-07-27,2026-10-25,VALID,99.78,Marcus Vance (Lead Tech)
SNS-1014,IoT Multi-Sensor (Temp/Humidity/GPS),ACTIVE,92,FAIR,2026-08-18,2026-11-16,VALID,99.63,David Miller (Quality Ops)
SNS-1015,IoT Multi-Sensor (Temp/Humidity/GPS),ACTIVE,98,EXCELLENT,2026-07-14,2026-10-12,VALID,98.72,Dr. Sarah Chen (CQA)
SNS-1016,IoT Multi-Sensor (Temp/Humidity/GPS),ACTIVE,82,EXCELLENT,2026-08-03,2026-11-01,VALID,99.82,Marcus Vance (Lead Tech)
SNS-1017,IoT Multi-Sensor (Temp/Humidity/GPS),ACTIVE,79,GOOD,2026-08-25,2026-11-23,VALID,99.45,Aisha Patel (Calibration Eng)
SNS-1018,IoT Multi-Sensor (Temp/Humidity/GPS),ACTIVE,67,EXCELLENT,2026-07-24,2026-10-22,VALID,99.24,Aisha Patel (Calibration Eng)
SNS-1019,IoT Multi-Sensor (Temp/Humidity/GPS),ACTIVE,85,FAIR,2026-07-30,2026-10-28,VALID,99.05,Aisha Patel (Calibration Eng)
SNS-1020,IoT Multi-Sensor (Temp/Humidity/GPS),ACTIVE,93,FAIR,2026-08-20,2026-11-18,VALID,98.66,Aisha Patel (Calibration Eng)
SNS-1021,IoT Multi-Sensor (Temp/Humidity/GPS),ACTIVE,86,FAIR,2026-07-27,2026-10-25,VALID,99.11,Dr. Sarah Chen (CQA)
SNS-1022,IoT Multi-Sensor (Temp/Humidity/GPS),ACTIVE,85,EXCELLENT,2026-08-18,2026-11-16,VALID,98.53,David Miller (Quality Ops)
SNS-1023,IoT Multi-Sensor (Temp/Humidity/GPS),ACTIVE,93,EXCELLENT,2026-08-04,2026-11-02,VALID,99.79,Dr. Sarah Chen (CQA)
SNS-1024,IoT Multi-Sensor (Temp/Humidity/GPS),ACTIVE,68,FAIR,2026-07-21,2026-10-19,VALID,98.77,Marcus Vance (Lead Tech)
SNS-1025,IoT Multi-Sensor (Temp/Humidity/GPS),ACTIVE,97,EXCELLENT,2026-08-12,2026-11-10,VALID,99.86,David Miller (Quality Ops)
SNS-1026,IoT Multi-Sensor (Temp/Humidity/GPS),ACTIVE,98,GOOD,2026-08-09,2026-11-07,VALID,99.88,David Miller (Quality Ops)
SNS-1027,IoT Multi-Sensor (Temp/Humidity/GPS),ACTIVE,74,FAIR,2026-08-14,2026-11-12,VALID,99.24,Elena Rostova (ISO Auditor)
SNS-1028,IoT Multi-Sensor (Temp/Humidity/GPS),ACTIVE,94,EXCELLENT,2026-07-16,2026-10-14,VALID,98.77,Elena Rostova (ISO Auditor)
SNS-1029,IoT Multi-Sensor (Temp/Humidity/GPS),ACTIVE,81,FAIR,2026-08-11,2026-11-09,VALID,99.14,Dr. Sarah Chen (CQA)
SNS-1030,IoT Multi-Sensor (Temp/Humidity/GPS),ACTIVE,82,EXCELLENT,2026-07-21,2026-10-19,VALID,99.69,David Miller (Quality Ops)
SNS-1031,IoT Multi-Sensor (Temp/Humidity/GPS),ACTIVE,88,GOOD,2026-08-01,2026-10-30,VALID,99.12,Marcus Vance (Lead Tech)
SNS-1032,IoT Multi-Sensor (Temp/Humidity/GPS),ACTIVE,93,GOOD,2026-08-21,2026-11-19,VALID,98.51,Elena Rostova (ISO Auditor)
SNS-1033,IoT Multi-Sensor (Temp/Humidity/GPS),ACTIVE,66,GOOD,2026-08-20,2026-11-18,VALID,99.5,Marcus Vance (Lead Tech)
SNS-1034,IoT Multi-Sensor (Temp/Humidity/GPS),ACTIVE,71,GOOD,2026-07-22,2026-10-20,VALID,98.57,Elena Rostova (ISO Auditor)
SNS-1035,IoT Multi-Sensor (Temp/Humidity/GPS),ACTIVE,74,GOOD,2026-08-18,2026-11-16,VALID,99.33,David Miller (Quality Ops)
SNS-1036,IoT Multi-Sensor (Temp/Humidity/GPS),ACTIVE,96,EXCELLENT,2026-08-27,2026-11-25,VALID,99.66,David Miller (Quality Ops)
SNS-1037,IoT Multi-Sensor (Temp/Humidity/GPS),ACTIVE,68,FAIR,2026-07-29,2026-10-27,VALID,99.73,David Miller (Quality Ops)
SNS-1038,IoT Multi-Sensor (Temp/Humidity/GPS),ACTIVE,72,FAIR,2026-07-29,2026-10-27,VALID,98.67,Dr. Sarah Chen (CQA)
SNS-1039,IoT Multi-Sensor (Temp/Humidity/GPS),ACTIVE,65,GOOD,2026-08-24,2026-11-22,VALID,99.45,Aisha Patel (Calibration Eng)
SNS-1040,IoT Multi-Sensor (Temp/Humidity/GPS),ACTIVE,86,FAIR,2026-07-14,2026-10-12,VALID,98.99,David Miller (Quality Ops)
SNS-1041,IoT Multi-Sensor (Temp/Humidity/GPS),ACTIVE,81,GOOD,2026-07-27,2026-10-25,VALID,98.71,David Miller (Quality Ops)
SNS-1042,IoT Multi-Sensor (Temp/Humidity/GPS),ACTIVE,100,FAIR,2026-08-24,2026-11-22,VALID,98.8,Marcus Vance (Lead Tech)
SNS-1043,IoT Multi-Sensor (Temp/Humidity/GPS),ACTIVE,87,GOOD,2026-08-05,2026-11-03,VALID,99.88,Marcus Vance (Lead Tech)
SNS-1044,IoT Multi-Sensor (Temp/Humidity/GPS),ACTIVE,92,GOOD,2026-08-02,2026-10-31,VALID,98.85,Aisha Patel (Calibration Eng)
SNS-1045,IoT Multi-Sensor (Temp/Humidity/GPS),WARNING,83,FAIR,2026-03-25,2026-06-23,EXPIRED,99.23,Aisha Patel (Calibration Eng)
SNS-1046,IoT Multi-Sensor (Temp/Humidity/GPS),ACTIVE,78,GOOD,2026-07-28,2026-10-26,VALID,99.11,Elena Rostova (ISO Auditor)
SNS-1047,IoT Multi-Sensor (Temp/Humidity/GPS),WARNING,95,EXCELLENT,2026-04-13,2026-07-12,EXPIRED,98.66,Dr. Sarah Chen (CQA)
SNS-1048,IoT Multi-Sensor (Temp/Humidity/GPS),ACTIVE,95,EXCELLENT,2026-08-02,2026-10-31,VALID,99.6,Elena Rostova (ISO Auditor)
SNS-1049,IoT Multi-Sensor (Temp/Humidity/GPS),ACTIVE,71,EXCELLENT,2026-07-23,2026-10-21,VALID,99.46,Aisha Patel (Calibration Eng)
SNS-1050,IoT Multi-Sensor (Temp/Humidity/GPS),ACTIVE,93,GOOD,2026-07-22,2026-10-20,VALID,98.59,Marcus Vance (Lead Tech)
SNS-1051,IoT Multi-Sensor (Temp/Humidity/GPS),ACTIVE,90,EXCELLENT,2026-08-07,2026-11-05,VALID,99.08,Elena Rostova (ISO Auditor)
SNS-1052,IoT Multi-Sensor (Temp/Humidity/GPS),ACTIVE,69,GOOD,2026-08-30,2026-11-28,VALID,99.09,Aisha Patel (Calibration Eng)
SNS-1053,IoT Multi-Sensor (Temp/Humidity/GPS),ACTIVE,66,FAIR,2026-07-17,2026-10-15,VALID,98.58,David Miller (Quality Ops)
SNS-1054,IoT Multi-Sensor (Temp/Humidity/GPS),ACTIVE,71,EXCELLENT,2026-07-16,2026-10-14,VALID,99.11,Elena Rostova (ISO Auditor)
SNS-1055,IoT Multi-Sensor (Temp/Humidity/GPS),ACTIVE,89,FAIR,2026-07-12,2026-10-10,VALID,98.94,Elena Rostova (ISO Auditor)
SNS-1056,IoT Multi-Sensor (Temp/Humidity/GPS),ACTIVE,79,GOOD,2026-08-09,2026-11-07,VALID,99.5,Aisha Patel (Calibration Eng)
SNS-1057,IoT Multi-Sensor (Temp/Humidity/GPS),ACTIVE,81,GOOD,2026-07-29,2026-10-27,VALID,98.76,Aisha Patel (Calibration Eng)
SNS-1058,IoT Multi-Sensor (Temp/Humidity/GPS),ACTIVE,85,EXCELLENT,2026-08-09,2026-11-07,VALID,98.84,Marcus Vance (Lead Tech)
SNS-1059,IoT Multi-Sensor (Temp/Humidity/GPS),ACTIVE,73,FAIR,2026-07-25,2026-10-23,VALID,99.43,Aisha Patel (Calibration Eng)
SNS-1060,IoT Multi-Sensor (Temp/Humidity/GPS),ACTIVE,79,FAIR,2026-08-02,2026-10-31,VALID,98.63,David Miller (Quality Ops)
SNS-1061,IoT Multi-Sensor (Temp/Humidity/GPS),ACTIVE,99,GOOD,2026-07-17,2026-10-15,VALID,98.59,Marcus Vance (Lead Tech)
SNS-1062,IoT Multi-Sensor (Temp/Humidity/GPS),ACTIVE,80,FAIR,2026-07-13,2026-10-11,VALID,98.63,David Miller (Quality Ops)
SNS-1063,IoT Multi-Sensor (Temp/Humidity/GPS),ACTIVE,67,FAIR,2026-08-15,2026-11-13,VALID,99.26,Aisha Patel (Calibration Eng)
SNS-1064,IoT Multi-Sensor (Temp/Humidity/GPS),ACTIVE,76,FAIR,2026-08-07,2026-11-05,VALID,99.49,David Miller (Quality Ops)
SNS-1065,IoT Multi-Sensor (Temp/Humidity/GPS),ACTIVE,78,GOOD,2026-08-26,2026-11-24,VALID,98.77,Elena Rostova (ISO Auditor)
SNS-1066,IoT Multi-Sensor (Temp/Humidity/GPS),ACTIVE,84,GOOD,2026-08-10,2026-11-08,VALID,98.61,Marcus Vance (Lead Tech)
SNS-1067,IoT Multi-Sensor (Temp/Humidity/GPS),ACTIVE,69,GOOD,2026-08-08,2026-11-06,VALID,99.74,Dr. Sarah Chen (CQA)
SNS-1068,IoT Multi-Sensor (Temp/Humidity/GPS),ACTIVE,79,EXCELLENT,2026-07-28,2026-10-26,VALID,99.78,Dr. Sarah Chen (CQA)
SNS-1069,IoT Multi-Sensor (Temp/Humidity/GPS),ACTIVE,86,GOOD,2026-07-19,2026-10-17,VALID,99.15,Dr. Sarah Chen (CQA)
SNS-1070,IoT Multi-Sensor (Temp/Humidity/GPS),ACTIVE,73,EXCELLENT,2026-08-13,2026-11-11,VALID,99.59,Marcus Vance (Lead Tech)
SNS-1071,IoT Multi-Sensor (Temp/Humidity/GPS),ACTIVE,83,EXCELLENT,2026-07-19,2026-10-17,VALID,99.24,David Miller (Quality Ops)
SNS-1072,IoT Multi-Sensor (Temp/Humidity/GPS),ACTIVE,93,EXCELLENT,2026-07-22,2026-10-20,VALID,99.78,Dr. Sarah Chen (CQA)
SNS-1073,IoT Multi-Sensor (Temp/Humidity/GPS),WARNING,100,GOOD,2026-04-01,2026-06-30,EXPIRED,98.94,Dr. Sarah Chen (CQA)
SNS-1074,IoT Multi-Sensor (Temp/Humidity/GPS),ACTIVE,89,FAIR,2026-08-20,2026-11-18,VALID,98.76,Elena Rostova (ISO Auditor)
SNS-1075,IoT Multi-Sensor (Temp/Humidity/GPS),ACTIVE,85,FAIR,2026-07-29,2026-10-27,VALID,98.81,Elena Rostova (ISO Auditor)
SNS-1076,IoT Multi-Sensor (Temp/Humidity/GPS),ACTIVE,95,FAIR,2026-08-10,2026-11-08,VALID,99.43,Elena Rostova (ISO Auditor)
SNS-1077,IoT Multi-Sensor (Temp/Humidity/GPS),ACTIVE,87,GOOD,2026-07-20,2026-10-18,VALID,98.9,Elena Rostova (ISO Auditor)
SNS-1078,IoT Multi-Sensor (Temp/Humidity/GPS),ACTIVE,68,EXCELLENT,2026-08-04,2026-11-02,VALID,99.76,Marcus Vance (Lead Tech)
SNS-1079,IoT Multi-Sensor (Temp/Humidity/GPS),ACTIVE,66,FAIR,2026-08-12,2026-11-10,VALID,99.35,Aisha Patel (Calibration Eng)
SNS-1080,IoT Multi-Sensor (Temp/Humidity/GPS),ACTIVE,85,GOOD,2026-08-26,2026-11-24,VALID,99.74,Aisha Patel (Calibration Eng)
SNS-1081,IoT Multi-Sensor (Temp/Humidity/GPS),ACTIVE,74,GOOD,2026-07-28,2026-10-26,VALID,99.5,Marcus Vance (Lead Tech)
SNS-1082,IoT Multi-Sensor (Temp/Humidity/GPS),ACTIVE,100,EXCELLENT,2026-07-12,2026-10-10,VALID,98.71,David Miller (Quality Ops)
SNS-1083,IoT Multi-Sensor (Temp/Humidity/GPS),ACTIVE,79,EXCELLENT,2026-08-30,2026-11-28,VALID,98.74,Elena Rostova (ISO Auditor)
SNS-1084,IoT Multi-Sensor (Temp/Humidity/GPS),ACTIVE,80,FAIR,2026-08-04,2026-11-02,VALID,98.68,Elena Rostova (ISO Auditor)
SNS-1085,IoT Multi-Sensor (Temp/Humidity/GPS),ACTIVE,69,FAIR,2026-08-06,2026-11-04,VALID,98.94,Dr. Sarah Chen (CQA)
SNS-1086,IoT Multi-Sensor (Temp/Humidity/GPS),WARNING,87,GOOD,2026-03-13,2026-06-11,EXPIRED,98.66,Marcus Vance (Lead Tech)
SNS-1087,IoT Multi-Sensor (Temp/Humidity/GPS),ACTIVE,79,EXCELLENT,2026-07-18,2026-10-16,VALID,98.8,Marcus Vance (Lead Tech)
SNS-1088,IoT Multi-Sensor (Temp/Humidity/GPS),ACTIVE,86,EXCELLENT,2026-07-26,2026-10-24,VALID,99.42,Dr. Sarah Chen (CQA)
SNS-1089,IoT Multi-Sensor (Temp/Humidity/GPS),ACTIVE,88,EXCELLENT,2026-08-13,2026-11-11,VALID,98.93,David Miller (Quality Ops)
SNS-1090,IoT Multi-Sensor (Temp/Humidity/GPS),ACTIVE,89,GOOD,2026-07-20,2026-10-18,VALID,99.78,Dr. Sarah Chen (CQA)
SNS-1091,IoT Multi-Sensor (Temp/Humidity/GPS),ACTIVE,77,GOOD,2026-07-27,2026-10-25,VALID,99.21,Dr. Sarah Chen (CQA)
SNS-1092,IoT Multi-Sensor (Temp/Humidity/GPS),ACTIVE,79,EXCELLENT,2026-08-23,2026-11-21,VALID,98.85,Marcus Vance (Lead Tech)
SNS-1093,IoT Multi-Sensor (Temp/Humidity/GPS),ACTIVE,89,FAIR,2026-08-07,2026-11-05,VALID,99.36,Dr. Sarah Chen (CQA)
SNS-1094,IoT Multi-Sensor (Temp/Humidity/GPS),ACTIVE,73,FAIR,2026-08-29,2026-11-27,VALID,98.99,Elena Rostova (ISO Auditor)
SNS-1095,IoT Multi-Sensor (Temp/Humidity/GPS),ACTIVE,90,EXCELLENT,2026-08-29,2026-11-27,VALID,98.72,Aisha Patel (Calibration Eng)
SNS-1096,IoT Multi-Sensor (Temp/Humidity/GPS),ACTIVE,81,GOOD,2026-07-15,2026-10-13,VALID,99.11,Dr. Sarah Chen (CQA)
SNS-1097,IoT Multi-Sensor (Temp/Humidity/GPS),ACTIVE,74,FAIR,2026-07-29,2026-10-27,VALID,98.67,Dr. Sarah Chen (CQA)
SNS-1098,IoT Multi-Sensor (Temp/Humidity/GPS),ACTIVE,82,GOOD,2026-08-07,2026-11-05,VALID,98.76,David Miller (Quality Ops)
SNS-1099,IoT Multi-Sensor (Temp/Humidity/GPS),ACTIVE,98,EXCELLENT,2026-07-19,2026-10-17,VALID,98.62,Elena Rostova (ISO Auditor)
SNS-1100,IoT Multi-Sensor (Temp/Humidity/GPS),ACTIVE,99,FAIR,2026-07-15,2026-10-13,VALID,99.67,David Miller (Quality Ops)
SNS-1101,IoT Multi-Sensor (Temp/Humidity/GPS),ACTIVE,91,FAIR,2026-08-17,2026-11-15,VALID,98.77,Dr. Sarah Chen (CQA)
SNS-1102,IoT Multi-Sensor (Temp/Humidity/GPS),ACTIVE,88,EXCELLENT,2026-08-28,2026-11-26,VALID,99.0,Aisha Patel (Calibration Eng)
SNS-1103,IoT Multi-Sensor (Temp/Humidity/GPS),ACTIVE,83,GOOD,2026-07-29,2026-10-27,VALID,98.56,Aisha Patel (Calibration Eng)
SNS-1104,IoT Multi-Sensor (Temp/Humidity/GPS),ACTIVE,87,FAIR,2026-08-10,2026-11-08,VALID,98.8,Marcus Vance (Lead Tech)
SNS-DEMO-999,Multi-Sensor IoT Cold Logger,ACTIVE,95,STRONG,2026-08-20,2026-11-20,VALID,99.1,ISO Certified Lead Tech
SNS-MH-1000,IoT Field Multi-Sensor,ACTIVE,95,ONLINE,2026-01-01 00:00:00 UTC,2026-12-31 00:00:00 UTC,VALID,99.2,Store-Forward Auto-Sync
SNS-MH-1001,IoT Field Multi-Sensor,ACTIVE,95,ONLINE,2026-01-01 00:00:00 UTC,2026-12-31 00:00:00 UTC,VALID,99.2,Store-Forward Auto-Sync
SNS-MH-1002,IoT Field Multi-Sensor,ACTIVE,95,ONLINE,2026-01-01 00:00:00 UTC,2026-12-31 00:00:00 UTC,VALID,99.2,Store-Forward Auto-Sync
SNS-MH-1003,IoT Field Multi-Sensor,ACTIVE,95,ONLINE,2026-01-01 00:00:00 UTC,2026-12-31 00:00:00 UTC,VALID,99.2,Store-Forward Auto-Sync
SNS-MH-1004,IoT Field Multi-Sensor,ACTIVE,95,ONLINE,2026-01-01 00:00:00 UTC,2026-12-31 00:00:00 UTC,VALID,99.2,Store-Forward Auto-Sync
SNS-MH-1005,IoT Field Multi-Sensor,ACTIVE,95,ONLINE,2026-01-01 00:00:00 UTC,2026-12-31 00:00:00 UTC,VALID,99.2,Store-Forward Auto-Sync
SNS-MH-1006,IoT Field Multi-Sensor,ACTIVE,95,ONLINE,2026-01-01 00:00:00 UTC,2026-12-31 00:00:00 UTC,VALID,99.2,Store-Forward Auto-Sync
SNS-MH-1007,IoT Field Multi-Sensor,ACTIVE,95,ONLINE,2026-01-01 00:00:00 UTC,2026-12-31 00:00:00 UTC,VALID,99.2,Store-Forward Auto-Sync
SNS-MH-1008,IoT Field Multi-Sensor,ACTIVE,95,ONLINE,2026-01-01 00:00:00 UTC,2026-12-31 00:00:00 UTC,VALID,99.2,Store-Forward Auto-Sync
SNS-MH-1009,IoT Field Multi-Sensor,ACTIVE,95,ONLINE,2026-01-01 00:00:00 UTC,2026-12-31 00:00:00 UTC,VALID,99.2,Store-Forward Auto-Sync
SNS-MH-1010,IoT Field Multi-Sensor,ACTIVE,95,ONLINE,2026-01-01 00:00:00 UTC,2026-12-31 00:00:00 UTC,VALID,99.2,Store-Forward Auto-Sync
SNS-MH-1011,IoT Field Multi-Sensor,ACTIVE,95,ONLINE,2026-01-01 00:00:00 UTC,2026-12-31 00:00:00 UTC,VALID,99.2,Store-Forward Auto-Sync
SNS-MH-1012,IoT Field Multi-Sensor,ACTIVE,95,ONLINE,2026-01-01 00:00:00 UTC,2026-12-31 00:00:00 UTC,VALID,99.2,Store-Forward Auto-Sync
SNS-MH-1013,IoT Field Multi-Sensor,ACTIVE,95,ONLINE,2026-01-01 00:00:00 UTC,2026-12-31 00:00:00 UTC,VALID,99.2,Store-Forward Auto-Sync
SNS-MH-1014,IoT Field Multi-Sensor,ACTIVE,95,ONLINE,2026-01-01 00:00:00 UTC,2026-12-31 00:00:00 UTC,VALID,99.2,Store-Forward Auto-Sync
SNS-MH-1015,IoT Field Multi-Sensor,ACTIVE,95,ONLINE,2026-01-01 00:00:00 UTC,2026-12-31 00:00:00 UTC,VALID,99.2,Store-Forward Auto-Sync
SNS-MH-1016,IoT Field Multi-Sensor,ACTIVE,95,ONLINE,2026-01-01 00:00:00 UTC,2026-12-31 00:00:00 UTC,VALID,99.2,Store-Forward Auto-Sync
SNS-MH-1017,IoT Field Multi-Sensor,ACTIVE,95,ONLINE,2026-01-01 00:00:00 UTC,2026-12-31 00:00:00 UTC,VALID,99.2,Store-Forward Auto-Sync
SNS-MH-1018,IoT Field Multi-Sensor,ACTIVE,95,ONLINE,2026-01-01 00:00:00 UTC,2026-12-31 00:00:00 UTC,VALID,99.2,Store-Forward Auto-Sync
SNS-MH-1019,IoT Field Multi-Sensor,ACTIVE,95,ONLINE,2026-01-01 00:00:00 UTC,2026-12-31 00:00:00 UTC,VALID,99.2,Store-Forward Auto-Sync
SNS-MH-1020,IoT Field Multi-Sensor,ACTIVE,95,ONLINE,2026-01-01 00:00:00 UTC,2026-12-31 00:00:00 UTC,VALID,99.2,Store-Forward Auto-Sync
SNS-MH-1021,IoT Field Multi-Sensor,ACTIVE,95,ONLINE,2026-01-01 00:00:00 UTC,2026-12-31 00:00:00 UTC,VALID,99.2,Store-Forward Auto-Sync
SNS-MH-1022,IoT Field Multi-Sensor,ACTIVE,95,ONLINE,2026-01-01 00:00:00 UTC,2026-12-31 00:00:00 UTC,VALID,99.2,Store-Forward Auto-Sync
SNS-MH-1023,IoT Field Multi-Sensor,ACTIVE,95,ONLINE,2026-01-01 00:00:00 UTC,2026-12-31 00:00:00 UTC,VALID,99.2,Store-Forward Auto-Sync
SNS-MH-1024,IoT Field Multi-Sensor,ACTIVE,95,ONLINE,2026-01-01 00:00:00 UTC,2026-12-31 00:00:00 UTC,VALID,99.2,Store-Forward Auto-Sync
SNS-SEQ-0,IoT Field Multi-Sensor,ACTIVE,95,ONLINE,2026-01-01 00:00:00 UTC,2026-12-31 00:00:00 UTC,VALID,99.2,Gateway Direct Ingest
SNS-SEQ-1,IoT Field Multi-Sensor,ACTIVE,95,ONLINE,2026-01-01 00:00:00 UTC,2026-12-31 00:00:00 UTC,VALID,99.2,Gateway Direct Ingest
SNS-SEQ-2,IoT Field Multi-Sensor,ACTIVE,95,ONLINE,2026-01-01 00:00:00 UTC,2026-12-31 00:00:00 UTC,VALID,99.2,Gateway Direct Ingest
SNS-SEQ-3,IoT Field Multi-Sensor,ACTIVE,95,ONLINE,2026-01-01 00:00:00 UTC,2026-12-31 00:00:00 UTC,VALID,99.2,Gateway Direct Ingest
SNS-SEQ-4,IoT Field Multi-Sensor,ACTIVE,95,ONLINE,2026-01-01 00:00:00 UTC,2026-12-31 00:00:00 UTC,VALID,99.2,Gateway Direct Ingest
