calibration_id,sensor_id,calibration_date,calibration_due_date,calibration_status,accuracy,technician,notes
CAL-1001,SNS-1001,2026-08-22,2026-11-20,VALID,98.81,Marcus Vance (Lead Tech),ISO 17025 Certified calibration check - Status: VALID
CAL-1002,SNS-1002,2026-08-04,2026-11-02,VALID,98.79,Aisha Patel (Calibration Eng),ISO 17025 Certified calibration check - Status: VALID
CAL-1003,SNS-1003,2026-07-12,2026-10-10,VALID,99.86,Elena Rostova (ISO Auditor),ISO 17025 Certified calibration check - Status: VALID
CAL-1004,SNS-1004,2026-07-21,2026-10-19,VALID,99.42,Aisha Patel (Calibration Eng),ISO 17025 Certified calibration check - Status: VALID
CAL-1005,SNS-1005,2026-03-16,2026-06-14,EXPIRED,98.83,David Miller (Quality Ops),ISO 17025 Certified calibration check - Status: EXPIRED
CAL-1006,SNS-1006,2026-07-15,2026-10-13,VALID,99.61,Marcus Vance (Lead Tech),ISO 17025 Certified calibration check - Status: VALID
CAL-1007,SNS-1007,2026-07-30,2026-10-28,VALID,98.86,Aisha Patel (Calibration Eng),ISO 17025 Certified calibration check - Status: VALID
CAL-1008,SNS-1008,2026-07-26,2026-10-24,VALID,98.87,David Miller (Quality Ops),ISO 17025 Certified calibration check - Status: VALID
CAL-1009,SNS-1009,2026-08-05,2026-11-03,VALID,98.68,Marcus Vance (Lead Tech),ISO 17025 Certified calibration check - Status: VALID
CAL-1010,SNS-1010,2026-07-20,2026-10-18,VALID,98.56,Dr. Sarah Chen (CQA),ISO 17025 Certified calibration check - Status: VALID
CAL-1011,SNS-1011,2026-08-02,2026-10-31,VALID,98.64,Elena Rostova (ISO Auditor),ISO 17025 Certified calibration check - Status: VALID
CAL-1012,SNS-1012,2026-08-08,2026-11-06,VALID,99.76,David Miller (Quality Ops),ISO 17025 Certified calibration check - Status: VALID
CAL-1013,SNS-1013,2026-07-27,2026-10-25,VALID,99.78,Marcus Vance (Lead Tech),ISO 17025 Certified calibration check - Status: VALID
CAL-1014,SNS-1014,2026-08-18,2026-11-16,VALID,99.63,David Miller (Quality Ops),ISO 17025 Certified calibration check - Status: VALID
CAL-1015,SNS-1015,2026-07-14,2026-10-12,VALID,98.72,Dr. Sarah Chen (CQA),ISO 17025 Certified calibration check - Status: VALID
CAL-1016,SNS-1016,2026-08-03,2026-11-01,VALID,99.82,Marcus Vance (Lead Tech),ISO 17025 Certified calibration check - Status: VALID
CAL-1017,SNS-1017,2026-08-25,2026-11-23,VALID,99.45,Aisha Patel (Calibration Eng),ISO 17025 Certified calibration check - Status: VALID
CAL-1018,SNS-1018,2026-07-24,2026-10-22,VALID,99.24,Aisha Patel (Calibration Eng),ISO 17025 Certified calibration check - Status: VALID
CAL-1019,SNS-1019,2026-07-30,2026-10-28,VALID,99.05,Aisha Patel (Calibration Eng),ISO 17025 Certified calibration check - Status: VALID
CAL-1020,SNS-1020,2026-08-20,2026-11-18,VALID,98.66,Aisha Patel (Calibration Eng),ISO 17025 Certified calibration check - Status: VALID
CAL-1021,SNS-1021,2026-07-27,2026-10-25,VALID,99.11,Dr. Sarah Chen (CQA),ISO 17025 Certified calibration check - Status: VALID
CAL-1022,SNS-1022,2026-08-18,2026-11-16,VALID,98.53,David Miller (Quality Ops),ISO 17025 Certified calibration check - Status: VALID
CAL-1023,SNS-1023,2026-08-04,2026-11-02,VALID,99.79,Dr. Sarah Chen (CQA),ISO 17025 Certified calibration check - Status: VALID
CAL-1024,SNS-1024,2026-07-21,2026-10-19,VALID,98.77,Marcus Vance (Lead Tech),ISO 17025 Certified calibration check - Status: VALID
CAL-1025,SNS-1025,2026-08-12,2026-11-10,VALID,99.86,David Miller (Quality Ops),ISO 17025 Certified calibration check - Status: VALID
CAL-1026,SNS-1026,2026-08-09,2026-11-07,VALID,99.88,David Miller (Quality Ops),ISO 17025 Certified calibration check - Status: VALID
CAL-1027,SNS-1027,2026-08-14,2026-11-12,VALID,99.24,Elena Rostova (ISO Auditor),ISO 17025 Certified calibration check - Status: VALID
CAL-1028,SNS-1028,2026-07-16,2026-10-14,VALID,98.77,Elena Rostova (ISO Auditor),ISO 17025 Certified calibration check - Status: VALID
CAL-1029,SNS-1029,2026-08-11,2026-11-09,VALID,99.14,Dr. Sarah Chen (CQA),ISO 17025 Certified calibration check - Status: VALID
CAL-1030,SNS-1030,2026-07-21,2026-10-19,VALID,99.69,David Miller (Quality Ops),ISO 17025 Certified calibration check - Status: VALID
CAL-1031,SNS-1031,2026-08-01,2026-10-30,VALID,99.12,Marcus Vance (Lead Tech),ISO 17025 Certified calibration check - Status: VALID
CAL-1032,SNS-1032,2026-08-21,2026-11-19,VALID,98.51,Elena Rostova (ISO Auditor),ISO 17025 Certified calibration check - Status: VALID
CAL-1033,SNS-1033,2026-08-20,2026-11-18,VALID,99.5,Marcus Vance (Lead Tech),ISO 17025 Certified calibration check - Status: VALID
CAL-1034,SNS-1034,2026-07-22,2026-10-20,VALID,98.57,Elena Rostova (ISO Auditor),ISO 17025 Certified calibration check - Status: VALID
CAL-1035,SNS-1035,2026-08-18,2026-11-16,VALID,99.33,David Miller (Quality Ops),ISO 17025 Certified calibration check - Status: VALID
CAL-1036,SNS-1036,2026-08-27,2026-11-25,VALID,99.66,David Miller (Quality Ops),ISO 17025 Certified calibration check - Status: VALID
CAL-1037,SNS-1037,2026-07-29,2026-10-27,VALID,99.73,David Miller (Quality Ops),ISO 17025 Certified calibration check - Status: VALID
CAL-1038,SNS-1038,2026-07-29,2026-10-27,VALID,98.67,Dr. Sarah Chen (CQA),ISO 17025 Certified calibration check - Status: VALID
CAL-1039,SNS-1039,2026-08-24,2026-11-22,VALID,99.45,Aisha Patel (Calibration Eng),ISO 17025 Certified calibration check - Status: VALID
CAL-1040,SNS-1040,2026-07-14,2026-10-12,VALID,98.99,David Miller (Quality Ops),ISO 17025 Certified calibration check - Status: VALID
CAL-1041,SNS-1041,2026-07-27,2026-10-25,VALID,98.71,David Miller (Quality Ops),ISO 17025 Certified calibration check - Status: VALID
CAL-1042,SNS-1042,2026-08-24,2026-11-22,VALID,98.8,Marcus Vance (Lead Tech),ISO 17025 Certified calibration check - Status: VALID
CAL-1043,SNS-1043,2026-08-05,2026-11-03,VALID,99.88,Marcus Vance (Lead Tech),ISO 17025 Certified calibration check - Status: VALID
CAL-1044,SNS-1044,2026-08-02,2026-10-31,VALID,98.85,Aisha Patel (Calibration Eng),ISO 17025 Certified calibration check - Status: VALID
CAL-1045,SNS-1045,2026-03-25,2026-06-23,EXPIRED,99.23,Aisha Patel (Calibration Eng),ISO 17025 Certified calibration check - Status: EXPIRED
CAL-1046,SNS-1046,2026-07-28,2026-10-26,VALID,99.11,Elena Rostova (ISO Auditor),ISO 17025 Certified calibration check - Status: VALID
CAL-1047,SNS-1047,2026-04-13,2026-07-12,EXPIRED,98.66,Dr. Sarah Chen (CQA),ISO 17025 Certified calibration check - Status: EXPIRED
CAL-1048,SNS-1048,2026-08-02,2026-10-31,VALID,99.6,Elena Rostova (ISO Auditor),ISO 17025 Certified calibration check - Status: VALID
CAL-1049,SNS-1049,2026-07-23,2026-10-21,VALID,99.46,Aisha Patel (Calibration Eng),ISO 17025 Certified calibration check - Status: VALID
CAL-1050,SNS-1050,2026-07-22,2026-10-20,VALID,98.59,Marcus Vance (Lead Tech),ISO 17025 Certified calibration check - Status: VALID
CAL-1051,SNS-1051,2026-08-07,2026-11-05,VALID,99.08,Elena Rostova (ISO Auditor),ISO 17025 Certified calibration check - Status: VALID
CAL-1052,SNS-1052,2026-08-30,2026-11-28,VALID,99.09,Aisha Patel (Calibration Eng),ISO 17025 Certified calibration check - Status: VALID
CAL-1053,SNS-1053,2026-07-17,2026-10-15,VALID,98.58,David Miller (Quality Ops),ISO 17025 Certified calibration check - Status: VALID
CAL-1054,SNS-1054,2026-07-16,2026-10-14,VALID,99.11,Elena Rostova (ISO Auditor),ISO 17025 Certified calibration check - Status: VALID
CAL-1055,SNS-1055,2026-07-12,2026-10-10,VALID,98.94,Elena Rostova (ISO Auditor),ISO 17025 Certified calibration check - Status: VALID
CAL-1056,SNS-1056,2026-08-09,2026-11-07,VALID,99.5,Aisha Patel (Calibration Eng),ISO 17025 Certified calibration check - Status: VALID
CAL-1057,SNS-1057,2026-07-29,2026-10-27,VALID,98.76,Aisha Patel (Calibration Eng),ISO 17025 Certified calibration check - Status: VALID
CAL-1058,SNS-1058,2026-08-09,2026-11-07,VALID,98.84,Marcus Vance (Lead Tech),ISO 17025 Certified calibration check - Status: VALID
CAL-1059,SNS-1059,2026-07-25,2026-10-23,VALID,99.43,Aisha Patel (Calibration Eng),ISO 17025 Certified calibration check - Status: VALID
CAL-1060,SNS-1060,2026-08-02,2026-10-31,VALID,98.63,David Miller (Quality Ops),ISO 17025 Certified calibration check - Status: VALID
CAL-1061,SNS-1061,2026-07-17,2026-10-15,VALID,98.59,Marcus Vance (Lead Tech),ISO 17025 Certified calibration check - Status: VALID
CAL-1062,SNS-1062,2026-07-13,2026-10-11,VALID,98.63,David Miller (Quality Ops),ISO 17025 Certified calibration check - Status: VALID
CAL-1063,SNS-1063,2026-08-15,2026-11-13,VALID,99.26,Aisha Patel (Calibration Eng),ISO 17025 Certified calibration check - Status: VALID
CAL-1064,SNS-1064,2026-08-07,2026-11-05,VALID,99.49,David Miller (Quality Ops),ISO 17025 Certified calibration check - Status: VALID
CAL-1065,SNS-1065,2026-08-26,2026-11-24,VALID,98.77,Elena Rostova (ISO Auditor),ISO 17025 Certified calibration check - Status: VALID
CAL-1066,SNS-1066,2026-08-10,2026-11-08,VALID,98.61,Marcus Vance (Lead Tech),ISO 17025 Certified calibration check - Status: VALID
CAL-1067,SNS-1067,2026-08-08,2026-11-06,VALID,99.74,Dr. Sarah Chen (CQA),ISO 17025 Certified calibration check - Status: VALID
CAL-1068,SNS-1068,2026-07-28,2026-10-26,VALID,99.78,Dr. Sarah Chen (CQA),ISO 17025 Certified calibration check - Status: VALID
CAL-1069,SNS-1069,2026-07-19,2026-10-17,VALID,99.15,Dr. Sarah Chen (CQA),ISO 17025 Certified calibration check - Status: VALID
CAL-1070,SNS-1070,2026-08-13,2026-11-11,VALID,99.59,Marcus Vance (Lead Tech),ISO 17025 Certified calibration check - Status: VALID
CAL-1071,SNS-1071,2026-07-19,2026-10-17,VALID,99.24,David Miller (Quality Ops),ISO 17025 Certified calibration check - Status: VALID
CAL-1072,SNS-1072,2026-07-22,2026-10-20,VALID,99.78,Dr. Sarah Chen (CQA),ISO 17025 Certified calibration check - Status: VALID
CAL-1073,SNS-1073,2026-04-01,2026-06-30,EXPIRED,98.94,Dr. Sarah Chen (CQA),ISO 17025 Certified calibration check - Status: EXPIRED
CAL-1074,SNS-1074,2026-08-20,2026-11-18,VALID,98.76,Elena Rostova (ISO Auditor),ISO 17025 Certified calibration check - Status: VALID
CAL-1075,SNS-1075,2026-07-29,2026-10-27,VALID,98.81,Elena Rostova (ISO Auditor),ISO 17025 Certified calibration check - Status: VALID
CAL-1076,SNS-1076,2026-08-10,2026-11-08,VALID,99.43,Elena Rostova (ISO Auditor),ISO 17025 Certified calibration check - Status: VALID
CAL-1077,SNS-1077,2026-07-20,2026-10-18,VALID,98.9,Elena Rostova (ISO Auditor),ISO 17025 Certified calibration check - Status: VALID
CAL-1078,SNS-1078,2026-08-04,2026-11-02,VALID,99.76,Marcus Vance (Lead Tech),ISO 17025 Certified calibration check - Status: VALID
CAL-1079,SNS-1079,2026-08-12,2026-11-10,VALID,99.35,Aisha Patel (Calibration Eng),ISO 17025 Certified calibration check - Status: VALID
CAL-1080,SNS-1080,2026-08-26,2026-11-24,VALID,99.74,Aisha Patel (Calibration Eng),ISO 17025 Certified calibration check - Status: VALID
CAL-1081,SNS-1081,2026-07-28,2026-10-26,VALID,99.5,Marcus Vance (Lead Tech),ISO 17025 Certified calibration check - Status: VALID
CAL-1082,SNS-1082,2026-07-12,2026-10-10,VALID,98.71,David Miller (Quality Ops),ISO 17025 Certified calibration check - Status: VALID
CAL-1083,SNS-1083,2026-08-30,2026-11-28,VALID,98.74,Elena Rostova (ISO Auditor),ISO 17025 Certified calibration check - Status: VALID
CAL-1084,SNS-1084,2026-08-04,2026-11-02,VALID,98.68,Elena Rostova (ISO Auditor),ISO 17025 Certified calibration check - Status: VALID
CAL-1085,SNS-1085,2026-08-06,2026-11-04,VALID,98.94,Dr. Sarah Chen (CQA),ISO 17025 Certified calibration check - Status: VALID
CAL-1086,SNS-1086,2026-03-13,2026-06-11,EXPIRED,98.66,Marcus Vance (Lead Tech),ISO 17025 Certified calibration check - Status: EXPIRED
CAL-1087,SNS-1087,2026-07-18,2026-10-16,VALID,98.8,Marcus Vance (Lead Tech),ISO 17025 Certified calibration check - Status: VALID
CAL-1088,SNS-1088,2026-07-26,2026-10-24,VALID,99.42,Dr. Sarah Chen (CQA),ISO 17025 Certified calibration check - Status: VALID
CAL-1089,SNS-1089,2026-08-13,2026-11-11,VALID,98.93,David Miller (Quality Ops),ISO 17025 Certified calibration check - Status: VALID
CAL-1090,SNS-1090,2026-07-20,2026-10-18,VALID,99.78,Dr. Sarah Chen (CQA),ISO 17025 Certified calibration check - Status: VALID
CAL-1091,SNS-1091,2026-07-27,2026-10-25,VALID,99.21,Dr. Sarah Chen (CQA),ISO 17025 Certified calibration check - Status: VALID
CAL-1092,SNS-1092,2026-08-23,2026-11-21,VALID,98.85,Marcus Vance (Lead Tech),ISO 17025 Certified calibration check - Status: VALID
CAL-1093,SNS-1093,2026-08-07,2026-11-05,VALID,99.36,Dr. Sarah Chen (CQA),ISO 17025 Certified calibration check - Status: VALID
CAL-1094,SNS-1094,2026-08-29,2026-11-27,VALID,98.99,Elena Rostova (ISO Auditor),ISO 17025 Certified calibration check - Status: VALID
CAL-1095,SNS-1095,2026-08-29,2026-11-27,VALID,98.72,Aisha Patel (Calibration Eng),ISO 17025 Certified calibration check - Status: VALID
CAL-1096,SNS-1096,2026-07-15,2026-10-13,VALID,99.11,Dr. Sarah Chen (CQA),ISO 17025 Certified calibration check - Status: VALID
CAL-1097,SNS-1097,2026-07-29,2026-10-27,VALID,98.67,Dr. Sarah Chen (CQA),ISO 17025 Certified calibration check - Status: VALID
CAL-1098,SNS-1098,2026-08-07,2026-11-05,VALID,98.76,David Miller (Quality Ops),ISO 17025 Certified calibration check - Status: VALID
CAL-1099,SNS-1099,2026-07-19,2026-10-17,VALID,98.62,Elena Rostova (ISO Auditor),ISO 17025 Certified calibration check - Status: VALID
CAL-1100,SNS-1100,2026-07-15,2026-10-13,VALID,99.67,David Miller (Quality Ops),ISO 17025 Certified calibration check - Status: VALID
CAL-1101,SNS-1101,2026-08-17,2026-11-15,VALID,98.77,Dr. Sarah Chen (CQA),ISO 17025 Certified calibration check - Status: VALID
CAL-1102,SNS-1102,2026-08-28,2026-11-26,VALID,99.0,Aisha Patel (Calibration Eng),ISO 17025 Certified calibration check - Status: VALID
CAL-1103,SNS-1103,2026-07-29,2026-10-27,VALID,98.56,Aisha Patel (Calibration Eng),ISO 17025 Certified calibration check - Status: VALID
CAL-1104,SNS-1104,2026-08-10,2026-11-08,VALID,98.8,Marcus Vance (Lead Tech),ISO 17025 Certified calibration check - Status: VALID
