shipment_id,vehicle_id,driver_id,origin,destination,port_airport,current_location,current_temp,shipment_status,eta,compliance_status,risk_score
SHP-2026-101,TRK-201,DRV-107,Boston Harbor Freight Terminal (MA),Singapore Changi Freight Hub (SIN - Singapore),Port of Seattle Terminal 18,En route on Interstate 5 / Hwy (Boston sector),2.0,IN_TRANSIT,2026-09-10 16:47 UTC,WARNING,0.43
SHP-2026-102,TRK-202,DRV-103,Vancouver Pacific Processing Hub (BC),Frankfurt Airport Cold Logistics (FRA - Germany),Seattle-Tacoma Cargo Gate 4 (SEA),En route on Interstate 5 / Hwy (Vancouver sector),-19.1,INSPECTION_PASSED,2026-09-10 13:47 UTC,NORMAL,0.04
SHP-2026-103,TRK-203,DRV-105,Vancouver Pacific Processing Hub (BC),Shanghai Pudong Int'l Freight Hub (PVG - China),Seattle-Tacoma Cargo Gate 4 (SEA),En route on Interstate 5 / Hwy (Vancouver sector),-21.2,INSPECTION_PASSED,2026-09-10 14:47 UTC,NORMAL,0.18
SHP-2026-104,TRK-204,DRV-108,Kodiak Island Seafood Dock (AK),Singapore Changi Freight Hub (SIN - Singapore),Seattle-Tacoma Cargo Gate 4 (SEA),En route on Interstate 5 / Hwy (Kodiak sector),-52.8,IN_TRANSIT,2026-09-10 13:47 UTC,CRITICAL,0.83
SHP-2026-105,TRK-205,DRV-105,Portland Marine Terminal (OR),Shanghai Pudong Int'l Freight Hub (PVG - China),Vancouver Freight Gate B,En route on Interstate 5 / Hwy (Portland sector),-53.4,IN_TRANSIT,2026-09-10 18:47 UTC,CRITICAL,0.94
SHP-2026-106,TRK-206,DRV-107,Boston Harbor Freight Terminal (MA),Singapore Changi Freight Hub (SIN - Singapore),Port of Seattle Terminal 18,En route on Interstate 5 / Hwy (Boston sector),0.9,DELIVERED,2026-09-10 13:47 UTC,NORMAL,0.13
SHP-2026-107,TRK-207,DRV-102,Portland Marine Terminal (OR),Singapore Changi Freight Hub (SIN - Singapore),Ted Stevens Anchorage Int'l Airport (ANC),En route on Interstate 5 / Hwy (Portland sector),-21.0,INSPECTION_PASSED,2026-09-10 21:47 UTC,CRITICAL,0.79
SHP-2026-108,TRK-208,DRV-105,Anchorage Cold Storage Facility (AK),Singapore Changi Freight Hub (SIN - Singapore),Port of Seattle Terminal 18,En route on Interstate 5 / Hwy (Anchorage sector),3.2,INSPECTION_PASSED,2026-09-11 03:47 UTC,WARNING,0.4
SHP-2026-109,TRK-209,DRV-105,Vancouver Pacific Processing Hub (BC),Seoul Incheon Cargo Terminal (ICN - South Korea),Port of Seattle Terminal 18,En route on Interstate 5 / Hwy (Vancouver sector),5.3,INSPECTION_PASSED,2026-09-11 08:47 UTC,NORMAL,0.12
SHP-2026-110,TRK-210,DRV-108,Boston Harbor Freight Terminal (MA),Shanghai Pudong Int'l Freight Hub (PVG - China),Los Angeles Freight Gateway 3,En route on Interstate 5 / Hwy (Boston sector),2.9,IN_TRANSIT,2026-09-11 07:47 UTC,NORMAL,0.25
SHP-2026-111,TRK-211,DRV-106,Kodiak Island Seafood Dock (AK),Singapore Changi Freight Hub (SIN - Singapore),Port of Seattle Terminal 18,En route on Interstate 5 / Hwy (Kodiak sector),-53.1,IN_TRANSIT,2026-09-11 00:47 UTC,NORMAL,0.05
SHP-2026-112,TRK-212,DRV-104,Seattle Pier 91 Logistics Center (WA),Los Angeles Int'l Cargo Center (LAX - USA),Seattle-Tacoma Cargo Gate 4 (SEA),En route on Interstate 5 / Hwy (Seattle sector),1.3,AT_PORT,2026-09-11 16:47 UTC,CRITICAL,0.82
SHP-2026-113,TRK-213,DRV-107,Vancouver Pacific Processing Hub (BC),Shanghai Pudong Int'l Freight Hub (PVG - China),Port of Seattle Terminal 18,En route on Interstate 5 / Hwy (Vancouver sector),-19.0,AT_PORT,2026-09-11 05:47 UTC,NORMAL,0.24
SHP-2026-114,TRK-214,DRV-103,Boston Harbor Freight Terminal (MA),Singapore Changi Freight Hub (SIN - Singapore),Vancouver Freight Gate B,En route on Interstate 5 / Hwy (Boston sector),-21.7,DELIVERED,2026-09-11 22:47 UTC,NORMAL,0.28
SHP-2026-115,TRK-215,DRV-103,Kodiak Island Seafood Dock (AK),Shanghai Pudong Int'l Freight Hub (PVG - China),Vancouver Freight Gate B,En route on Interstate 5 / Hwy (Kodiak sector),3.0,DELIVERED,2026-09-11 19:47 UTC,NORMAL,0.14
SHP-2026-116,TRK-216,DRV-104,Boston Harbor Freight Terminal (MA),Tokyo Haneda Cargo Center (HND - Japan),Seattle-Tacoma Cargo Gate 4 (SEA),En route on Interstate 5 / Hwy (Boston sector),5.4,DELIVERED,2026-09-11 10:47 UTC,NORMAL,0.2
SHP-2026-117,TRK-217,DRV-102,Kodiak Island Seafood Dock (AK),Singapore Changi Freight Hub (SIN - Singapore),Seattle-Tacoma Cargo Gate 4 (SEA),En route on Interstate 5 / Hwy (Kodiak sector),2.8,AT_PORT,2026-09-12 02:47 UTC,NORMAL,0.06
SHP-2026-118,TRK-218,DRV-101,Vancouver Pacific Processing Hub (BC),Tokyo Haneda Cargo Center (HND - Japan),Port of Seattle Terminal 18,En route on Interstate 5 / Hwy (Vancouver sector),-50.9,INSPECTION_PASSED,2026-09-11 13:47 UTC,WARNING,0.56
SHP-2026-119,TRK-219,DRV-102,Seattle Pier 91 Logistics Center (WA),Shanghai Pudong Int'l Freight Hub (PVG - China),Seattle-Tacoma Cargo Gate 4 (SEA),En route on Interstate 5 / Hwy (Seattle sector),-18.8,DELIVERED,2026-09-12 07:47 UTC,NORMAL,0.24
SHP-2026-120,TRK-220,DRV-104,Anchorage Cold Storage Facility (AK),Seoul Incheon Cargo Terminal (ICN - South Korea),Port of Seattle Terminal 18,En route on Interstate 5 / Hwy (Anchorage sector),-54.0,DELIVERED,2026-09-12 08:47 UTC,NORMAL,0.28
SHP-2026-121,TRK-221,DRV-107,Boston Harbor Freight Terminal (MA),Seoul Incheon Cargo Terminal (ICN - South Korea),Seattle-Tacoma Cargo Gate 4 (SEA),En route on Interstate 5 / Hwy (Boston sector),-22.4,DELIVERED,2026-09-12 11:47 UTC,WARNING,0.54
SHP-2026-122,TRK-222,DRV-107,Boston Harbor Freight Terminal (MA),Shanghai Pudong Int'l Freight Hub (PVG - China),Seattle-Tacoma Cargo Gate 4 (SEA),En route on Interstate 5 / Hwy (Boston sector),3.9,AT_PORT,2026-09-11 23:47 UTC,CRITICAL,0.91
SHP-2026-123,TRK-223,DRV-102,Anchorage Cold Storage Facility (AK),Singapore Changi Freight Hub (SIN - Singapore),Vancouver Freight Gate B,En route on Interstate 5 / Hwy (Anchorage sector),-54.5,IN_TRANSIT,2026-09-11 23:47 UTC,NORMAL,0.09
SHP-2026-124,TRK-224,DRV-106,Portland Marine Terminal (OR),Los Angeles Int'l Cargo Center (LAX - USA),Port of Seattle Terminal 18,En route on Interstate 5 / Hwy (Portland sector),-52.6,INSPECTION_PASSED,2026-09-12 10:47 UTC,NORMAL,0.15
SHP-2026-125,TRK-225,DRV-101,Portland Marine Terminal (OR),Singapore Changi Freight Hub (SIN - Singapore),Seattle-Tacoma Cargo Gate 4 (SEA),En route on Interstate 5 / Hwy (Portland sector),1.0,IN_TRANSIT,2026-09-12 08:47 UTC,CRITICAL,0.92
SHP-2026-126,TRK-226,DRV-101,Kodiak Island Seafood Dock (AK),Los Angeles Int'l Cargo Center (LAX - USA),Los Angeles Freight Gateway 3,En route on Interstate 5 / Hwy (Kodiak sector),-23.2,DELIVERED,2026-09-12 22:47 UTC,NORMAL,0.09
SHP-2026-127,TRK-227,DRV-106,Portland Marine Terminal (OR),Singapore Changi Freight Hub (SIN - Singapore),Port of Seattle Terminal 18,En route on Interstate 5 / Hwy (Portland sector),3.4,DELIVERED,2026-09-12 10:47 UTC,NORMAL,0.15
SHP-2026-128,TRK-228,DRV-106,Portland Marine Terminal (OR),Los Angeles Int'l Cargo Center (LAX - USA),Los Angeles Freight Gateway 3,En route on Interstate 5 / Hwy (Portland sector),1.6,INSPECTION_PASSED,2026-09-13 00:47 UTC,NORMAL,0.1
SHP-2026-129,TRK-229,DRV-103,Anchorage Cold Storage Facility (AK),Seoul Incheon Cargo Terminal (ICN - South Korea),Vancouver Freight Gate B,En route on Interstate 5 / Hwy (Anchorage sector),3.0,AT_PORT,2026-09-12 13:47 UTC,WARNING,0.54
SHP-2026-130,TRK-230,DRV-107,Boston Harbor Freight Terminal (MA),Tokyo Haneda Cargo Center (HND - Japan),Port of Seattle Terminal 18,En route on Interstate 5 / Hwy (Boston sector),4.0,AT_PORT,2026-09-12 18:47 UTC,NORMAL,0.24
SHP-2026-131,TRK-231,DRV-102,Anchorage Cold Storage Facility (AK),Los Angeles Int'l Cargo Center (LAX - USA),Seattle-Tacoma Cargo Gate 4 (SEA),En route on Interstate 5 / Hwy (Anchorage sector),3.7,INSPECTION_PASSED,2026-09-13 02:47 UTC,NORMAL,0.05
SHP-2026-132,TRK-232,DRV-101,Vancouver Pacific Processing Hub (BC),Los Angeles Int'l Cargo Center (LAX - USA),Seattle-Tacoma Cargo Gate 4 (SEA),En route on Interstate 5 / Hwy (Vancouver sector),1.8,INSPECTION_PASSED,2026-09-12 19:47 UTC,WARNING,0.64
SHP-2026-133,TRK-233,DRV-102,Kodiak Island Seafood Dock (AK),Frankfurt Airport Cold Logistics (FRA - Germany),Los Angeles Freight Gateway 3,En route on Interstate 5 / Hwy (Kodiak sector),-19.3,DELIVERED,2026-09-12 19:47 UTC,WARNING,0.41
SHP-2026-134,TRK-234,DRV-105,Anchorage Cold Storage Facility (AK),Frankfurt Airport Cold Logistics (FRA - Germany),Seattle-Tacoma Cargo Gate 4 (SEA),En route on Interstate 5 / Hwy (Anchorage sector),5.0,AT_PORT,2026-09-13 05:47 UTC,NORMAL,0.18
SHP-2026-135,TRK-235,DRV-107,Boston Harbor Freight Terminal (MA),Tokyo Haneda Cargo Center (HND - Japan),Port of Seattle Terminal 18,En route on Interstate 5 / Hwy (Boston sector),-21.2,IN_TRANSIT,2026-09-13 15:47 UTC,NORMAL,0.06
SHP-2026-136,TRK-236,DRV-102,Kodiak Island Seafood Dock (AK),Los Angeles Int'l Cargo Center (LAX - USA),Port of Seattle Terminal 18,En route on Interstate 5 / Hwy (Kodiak sector),-19.5,INSPECTION_PASSED,2026-09-13 13:47 UTC,NORMAL,0.08
SHP-2026-137,TRK-237,DRV-107,Vancouver Pacific Processing Hub (BC),Frankfurt Airport Cold Logistics (FRA - Germany),Ted Stevens Anchorage Int'l Airport (ANC),En route on Interstate 5 / Hwy (Vancouver sector),2.3,DELIVERED,2026-09-13 03:47 UTC,NORMAL,0.09
SHP-2026-138,TRK-238,DRV-107,Seattle Pier 91 Logistics Center (WA),Frankfurt Airport Cold Logistics (FRA - Germany),Vancouver Freight Gate B,En route on Interstate 5 / Hwy (Seattle sector),1.5,INSPECTION_PASSED,2026-09-13 17:47 UTC,WARNING,0.58
SHP-2026-139,TRK-239,DRV-106,Vancouver Pacific Processing Hub (BC),Frankfurt Airport Cold Logistics (FRA - Germany),Ted Stevens Anchorage Int'l Airport (ANC),En route on Interstate 5 / Hwy (Vancouver sector),1.2,AT_PORT,2026-09-13 23:47 UTC,NORMAL,0.22
SHP-2026-140,TRK-240,DRV-103,Anchorage Cold Storage Facility (AK),Singapore Changi Freight Hub (SIN - Singapore),Los Angeles Freight Gateway 3,En route on Interstate 5 / Hwy (Anchorage sector),2.6,AT_PORT,2026-09-14 01:47 UTC,NORMAL,0.07
SHP-2026-141,TRK-241,DRV-105,Kodiak Island Seafood Dock (AK),Los Angeles Int'l Cargo Center (LAX - USA),Vancouver Freight Gate B,En route on Interstate 5 / Hwy (Kodiak sector),2.3,INSPECTION_PASSED,2026-09-13 10:47 UTC,NORMAL,0.23
SHP-2026-142,TRK-242,DRV-107,Seattle Pier 91 Logistics Center (WA),Tokyo Haneda Cargo Center (HND - Japan),Ted Stevens Anchorage Int'l Airport (ANC),En route on Interstate 5 / Hwy (Seattle sector),1.7,AT_PORT,2026-09-13 18:47 UTC,WARNING,0.51
SHP-2026-143,TRK-243,DRV-105,Kodiak Island Seafood Dock (AK),Singapore Changi Freight Hub (SIN - Singapore),Vancouver Freight Gate B,En route on Interstate 5 / Hwy (Kodiak sector),5.0,IN_TRANSIT,2026-09-14 02:47 UTC,WARNING,0.44
SHP-2026-144,TRK-244,DRV-106,Anchorage Cold Storage Facility (AK),Los Angeles Int'l Cargo Center (LAX - USA),Seattle-Tacoma Cargo Gate 4 (SEA),En route on Interstate 5 / Hwy (Anchorage sector),2.3,DELIVERED,2026-09-14 10:47 UTC,NORMAL,0.2
SHP-2026-145,TRK-245,DRV-105,Portland Marine Terminal (OR),Singapore Changi Freight Hub (SIN - Singapore),Port of Seattle Terminal 18,En route on Interstate 5 / Hwy (Portland sector),3.3,IN_TRANSIT,2026-09-13 23:47 UTC,CRITICAL,0.94
SHP-2026-146,TRK-246,DRV-108,Vancouver Pacific Processing Hub (BC),Shanghai Pudong Int'l Freight Hub (PVG - China),Los Angeles Freight Gateway 3,En route on Interstate 5 / Hwy (Vancouver sector),5.3,INSPECTION_PASSED,2026-09-14 07:47 UTC,NORMAL,0.25
SHP-2026-147,TRK-247,DRV-102,Boston Harbor Freight Terminal (MA),Tokyo Haneda Cargo Center (HND - Japan),Vancouver Freight Gate B,En route on Interstate 5 / Hwy (Boston sector),-22.0,DELIVERED,2026-09-13 23:47 UTC,CRITICAL,0.91
SHP-2026-148,TRK-248,DRV-105,Kodiak Island Seafood Dock (AK),Seoul Incheon Cargo Terminal (ICN - South Korea),Vancouver Freight Gate B,En route on Interstate 5 / Hwy (Kodiak sector),-23.5,INSPECTION_PASSED,2026-09-14 13:47 UTC,NORMAL,0.05
SHP-2026-149,TRK-249,DRV-105,Kodiak Island Seafood Dock (AK),Shanghai Pudong Int'l Freight Hub (PVG - China),Vancouver Freight Gate B,En route on Interstate 5 / Hwy (Kodiak sector),5.2,IN_TRANSIT,2026-09-14 03:47 UTC,NORMAL,0.09
SHP-2026-150,TRK-250,DRV-107,Seattle Pier 91 Logistics Center (WA),Tokyo Haneda Cargo Center (HND - Japan),Los Angeles Freight Gateway 3,En route on Interstate 5 / Hwy (Seattle sector),3.4,AT_PORT,2026-09-14 21:47 UTC,WARNING,0.68
SHP-2026-151,TRK-251,DRV-107,Portland Marine Terminal (OR),Singapore Changi Freight Hub (SIN - Singapore),Vancouver Freight Gate B,En route on Interstate 5 / Hwy (Portland sector),-54.2,AT_PORT,2026-09-14 14:47 UTC,NORMAL,0.24
SHP-2026-152,TRK-252,DRV-108,Seattle Pier 91 Logistics Center (WA),Los Angeles Int'l Cargo Center (LAX - USA),Vancouver Freight Gate B,En route on Interstate 5 / Hwy (Seattle sector),-20.1,DELIVERED,2026-09-14 14:47 UTC,NORMAL,0.19
SHP-2026-153,TRK-253,DRV-108,Portland Marine Terminal (OR),Tokyo Haneda Cargo Center (HND - Japan),Vancouver Freight Gate B,En route on Interstate 5 / Hwy (Portland sector),-19.2,IN_TRANSIT,2026-09-15 02:47 UTC,WARNING,0.45
SHP-2026-154,TRK-254,DRV-105,Anchorage Cold Storage Facility (AK),Shanghai Pudong Int'l Freight Hub (PVG - China),Vancouver Freight Gate B,En route on Interstate 5 / Hwy (Anchorage sector),2.2,DELIVERED,2026-09-14 18:47 UTC,NORMAL,0.03
SHP-2026-155,TRK-255,DRV-102,Kodiak Island Seafood Dock (AK),Tokyo Haneda Cargo Center (HND - Japan),Los Angeles Freight Gateway 3,En route on Interstate 5 / Hwy (Kodiak sector),-53.7,IN_TRANSIT,2026-09-15 02:47 UTC,NORMAL,0.21
SHP-2026-156,TRK-256,DRV-106,Boston Harbor Freight Terminal (MA),Seoul Incheon Cargo Terminal (ICN - South Korea),Ted Stevens Anchorage Int'l Airport (ANC),En route on Interstate 5 / Hwy (Boston sector),4.4,INSPECTION_PASSED,2026-09-14 19:47 UTC,CRITICAL,0.96
SHP-2026-157,TRK-257,DRV-107,Seattle Pier 91 Logistics Center (WA),Frankfurt Airport Cold Logistics (FRA - Germany),Vancouver Freight Gate B,En route on Interstate 5 / Hwy (Seattle sector),4.1,AT_PORT,2026-09-14 21:47 UTC,NORMAL,0.24
SHP-2026-158,TRK-258,DRV-105,Kodiak Island Seafood Dock (AK),Singapore Changi Freight Hub (SIN - Singapore),Ted Stevens Anchorage Int'l Airport (ANC),En route on Interstate 5 / Hwy (Kodiak sector),-19.6,AT_PORT,2026-09-15 07:47 UTC,NORMAL,0.29
SHP-2026-159,TRK-259,DRV-102,Portland Marine Terminal (OR),Singapore Changi Freight Hub (SIN - Singapore),Los Angeles Freight Gateway 3,En route on Interstate 5 / Hwy (Portland sector),3.3,INSPECTION_PASSED,2026-09-15 03:47 UTC,WARNING,0.67
SHP-2026-160,TRK-260,DRV-101,Seattle Pier 91 Logistics Center (WA),Frankfurt Airport Cold Logistics (FRA - Germany),Vancouver Freight Gate B,En route on Interstate 5 / Hwy (Seattle sector),3.5,INSPECTION_PASSED,2026-09-15 01:47 UTC,CRITICAL,0.85
SHP-2026-161,TRK-261,DRV-106,Portland Marine Terminal (OR),Seoul Incheon Cargo Terminal (ICN - South Korea),Ted Stevens Anchorage Int'l Airport (ANC),En route on Interstate 5 / Hwy (Portland sector),-51.5,INSPECTION_PASSED,2026-09-15 14:47 UTC,NORMAL,0.2
SHP-2026-162,TRK-262,DRV-107,Vancouver Pacific Processing Hub (BC),Singapore Changi Freight Hub (SIN - Singapore),Vancouver Freight Gate B,En route on Interstate 5 / Hwy (Vancouver sector),-51.3,IN_TRANSIT,2026-09-15 10:47 UTC,NORMAL,0.04
SHP-2026-163,TRK-263,DRV-102,Boston Harbor Freight Terminal (MA),Tokyo Haneda Cargo Center (HND - Japan),Ted Stevens Anchorage Int'l Airport (ANC),En route on Interstate 5 / Hwy (Boston sector),-20.7,DELIVERED,2026-09-15 10:47 UTC,NORMAL,0.26
SHP-2026-164,TRK-264,DRV-104,Boston Harbor Freight Terminal (MA),Shanghai Pudong Int'l Freight Hub (PVG - China),Vancouver Freight Gate B,En route on Interstate 5 / Hwy (Boston sector),2.9,INSPECTION_PASSED,2026-09-16 01:47 UTC,CRITICAL,0.85
SHP-2026-165,TRK-265,DRV-106,Boston Harbor Freight Terminal (MA),Los Angeles Int'l Cargo Center (LAX - USA),Vancouver Freight Gate B,En route on Interstate 5 / Hwy (Boston sector),-53.9,AT_PORT,2026-09-15 17:47 UTC,NORMAL,0.13
SHP-2026-166,TRK-266,DRV-107,Portland Marine Terminal (OR),Singapore Changi Freight Hub (SIN - Singapore),Port of Seattle Terminal 18,En route on Interstate 5 / Hwy (Portland sector),-51.8,INSPECTION_PASSED,2026-09-15 22:47 UTC,NORMAL,0.08
SHP-2026-167,TRK-267,DRV-101,Seattle Pier 91 Logistics Center (WA),Frankfurt Airport Cold Logistics (FRA - Germany),Seattle-Tacoma Cargo Gate 4 (SEA),En route on Interstate 5 / Hwy (Seattle sector),1.3,AT_PORT,2026-09-16 04:47 UTC,NORMAL,0.29
SHP-2026-168,TRK-268,DRV-102,Boston Harbor Freight Terminal (MA),Shanghai Pudong Int'l Freight Hub (PVG - China),Vancouver Freight Gate B,En route on Interstate 5 / Hwy (Boston sector),-21.0,INSPECTION_PASSED,2026-09-15 16:47 UTC,NORMAL,0.14
SHP-2026-169,TRK-269,DRV-104,Boston Harbor Freight Terminal (MA),Tokyo Haneda Cargo Center (HND - Japan),Seattle-Tacoma Cargo Gate 4 (SEA),En route on Interstate 5 / Hwy (Boston sector),1.6,AT_PORT,2026-09-16 07:47 UTC,CRITICAL,0.77
SHP-2026-170,TRK-270,DRV-108,Portland Marine Terminal (OR),Frankfurt Airport Cold Logistics (FRA - Germany),Seattle-Tacoma Cargo Gate 4 (SEA),En route on Interstate 5 / Hwy (Portland sector),3.0,IN_TRANSIT,2026-09-16 04:47 UTC,NORMAL,0.08
SHP-2026-171,TRK-271,DRV-108,Boston Harbor Freight Terminal (MA),Tokyo Haneda Cargo Center (HND - Japan),Seattle-Tacoma Cargo Gate 4 (SEA),En route on Interstate 5 / Hwy (Boston sector),-21.0,AT_PORT,2026-09-16 03:47 UTC,CRITICAL,0.8
SHP-2026-172,TRK-272,DRV-108,Boston Harbor Freight Terminal (MA),Seoul Incheon Cargo Terminal (ICN - South Korea),Port of Seattle Terminal 18,En route on Interstate 5 / Hwy (Boston sector),-51.4,IN_TRANSIT,2026-09-16 04:47 UTC,NORMAL,0.16
SHP-2026-173,TRK-273,DRV-102,Kodiak Island Seafood Dock (AK),Frankfurt Airport Cold Logistics (FRA - Germany),Ted Stevens Anchorage Int'l Airport (ANC),En route on Interstate 5 / Hwy (Kodiak sector),1.4,IN_TRANSIT,2026-09-16 19:47 UTC,CRITICAL,0.92
SHP-2026-174,TRK-274,DRV-107,Portland Marine Terminal (OR),Frankfurt Airport Cold Logistics (FRA - Germany),Vancouver Freight Gate B,En route on Interstate 5 / Hwy (Portland sector),2.5,IN_TRANSIT,2026-09-16 11:47 UTC,NORMAL,0.18
SHP-2026-175,TRK-275,DRV-106,Seattle Pier 91 Logistics Center (WA),Shanghai Pudong Int'l Freight Hub (PVG - China),Los Angeles Freight Gateway 3,En route on Interstate 5 / Hwy (Seattle sector),4.8,IN_TRANSIT,2026-09-16 20:47 UTC,NORMAL,0.07
SHP-2026-176,TRK-276,DRV-108,Portland Marine Terminal (OR),Tokyo Haneda Cargo Center (HND - Japan),Port of Seattle Terminal 18,En route on Interstate 5 / Hwy (Portland sector),5.2,INSPECTION_PASSED,2026-09-16 12:47 UTC,WARNING,0.66
SHP-2026-177,TRK-277,DRV-103,Seattle Pier 91 Logistics Center (WA),Tokyo Haneda Cargo Center (HND - Japan),Ted Stevens Anchorage Int'l Airport (ANC),En route on Interstate 5 / Hwy (Seattle sector),-21.1,DELIVERED,2026-09-17 03:47 UTC,CRITICAL,0.89
SHP-2026-178,TRK-278,DRV-103,Portland Marine Terminal (OR),Seoul Incheon Cargo Terminal (ICN - South Korea),Los Angeles Freight Gateway 3,En route on Interstate 5 / Hwy (Portland sector),2.8,DELIVERED,2026-09-16 17:47 UTC,CRITICAL,0.86
SHP-2026-179,TRK-279,DRV-106,Boston Harbor Freight Terminal (MA),Singapore Changi Freight Hub (SIN - Singapore),Seattle-Tacoma Cargo Gate 4 (SEA),En route on Interstate 5 / Hwy (Boston sector),3.7,AT_PORT,2026-09-16 16:47 UTC,NORMAL,0.1
SHP-2026-180,TRK-280,DRV-106,Seattle Pier 91 Logistics Center (WA),Los Angeles Int'l Cargo Center (LAX - USA),Vancouver Freight Gate B,En route on Interstate 5 / Hwy (Seattle sector),3.8,DELIVERED,2026-09-17 08:47 UTC,NORMAL,0.18
SHP-2026-181,TRK-281,DRV-108,Boston Harbor Freight Terminal (MA),Seoul Incheon Cargo Terminal (ICN - South Korea),Port of Seattle Terminal 18,En route on Interstate 5 / Hwy (Boston sector),1.8,IN_TRANSIT,2026-09-16 18:47 UTC,NORMAL,0.11
SHP-2026-182,TRK-282,DRV-103,Boston Harbor Freight Terminal (MA),Shanghai Pudong Int'l Freight Hub (PVG - China),Port of Seattle Terminal 18,En route on Interstate 5 / Hwy (Boston sector),-51.7,IN_TRANSIT,2026-09-17 00:47 UTC,WARNING,0.42
SHP-2026-183,TRK-283,DRV-101,Portland Marine Terminal (OR),Los Angeles Int'l Cargo Center (LAX - USA),Ted Stevens Anchorage Int'l Airport (ANC),En route on Interstate 5 / Hwy (Portland sector),-20.7,AT_PORT,2026-09-17 09:47 UTC,NORMAL,0.16
SHP-2026-184,TRK-284,DRV-106,Vancouver Pacific Processing Hub (BC),Tokyo Haneda Cargo Center (HND - Japan),Los Angeles Freight Gateway 3,En route on Interstate 5 / Hwy (Vancouver sector),2.0,AT_PORT,2026-09-17 02:47 UTC,NORMAL,0.13
SHP-2026-185,TRK-285,DRV-105,Vancouver Pacific Processing Hub (BC),Los Angeles Int'l Cargo Center (LAX - USA),Port of Seattle Terminal 18,En route on Interstate 5 / Hwy (Vancouver sector),-51.5,IN_TRANSIT,2026-09-17 11:47 UTC,WARNING,0.62
SHP-2026-186,TRK-286,DRV-108,Anchorage Cold Storage Facility (AK),Tokyo Haneda Cargo Center (HND - Japan),Port of Seattle Terminal 18,En route on Interstate 5 / Hwy (Anchorage sector),2.9,DELIVERED,2026-09-17 18:47 UTC,CRITICAL,0.89
SHP-2026-187,TRK-287,DRV-106,Vancouver Pacific Processing Hub (BC),Singapore Changi Freight Hub (SIN - Singapore),Seattle-Tacoma Cargo Gate 4 (SEA),En route on Interstate 5 / Hwy (Vancouver sector),2.8,DELIVERED,2026-09-17 23:47 UTC,NORMAL,0.22
SHP-2026-188,TRK-288,DRV-106,Seattle Pier 91 Logistics Center (WA),Shanghai Pudong Int'l Freight Hub (PVG - China),Ted Stevens Anchorage Int'l Airport (ANC),En route on Interstate 5 / Hwy (Seattle sector),-19.4,AT_PORT,2026-09-17 20:47 UTC,NORMAL,0.24
SHP-2026-189,TRK-289,DRV-106,Boston Harbor Freight Terminal (MA),Frankfurt Airport Cold Logistics (FRA - Germany),Los Angeles Freight Gateway 3,En route on Interstate 5 / Hwy (Boston sector),3.4,AT_PORT,2026-09-17 11:47 UTC,NORMAL,0.02
SHP-2026-190,TRK-290,DRV-108,Vancouver Pacific Processing Hub (BC),Los Angeles Int'l Cargo Center (LAX - USA),Seattle-Tacoma Cargo Gate 4 (SEA),En route on Interstate 5 / Hwy (Vancouver sector),1.9,INSPECTION_PASSED,2026-09-18 03:47 UTC,WARNING,0.62
SHP-2026-191,TRK-291,DRV-104,Portland Marine Terminal (OR),Los Angeles Int'l Cargo Center (LAX - USA),Ted Stevens Anchorage Int'l Airport (ANC),En route on Interstate 5 / Hwy (Portland sector),-23.4,DELIVERED,2026-09-17 14:47 UTC,NORMAL,0.02
SHP-2026-192,TRK-292,DRV-103,Vancouver Pacific Processing Hub (BC),Tokyo Haneda Cargo Center (HND - Japan),Los Angeles Freight Gateway 3,En route on Interstate 5 / Hwy (Vancouver sector),2.4,IN_TRANSIT,2026-09-17 20:47 UTC,CRITICAL,0.93
SHP-2026-193,TRK-293,DRV-105,Vancouver Pacific Processing Hub (BC),Los Angeles Int'l Cargo Center (LAX - USA),Port of Seattle Terminal 18,En route on Interstate 5 / Hwy (Vancouver sector),1.9,DELIVERED,2026-09-18 11:47 UTC,CRITICAL,0.83
SHP-2026-194,TRK-294,DRV-103,Vancouver Pacific Processing Hub (BC),Los Angeles Int'l Cargo Center (LAX - USA),Ted Stevens Anchorage Int'l Airport (ANC),En route on Interstate 5 / Hwy (Vancouver sector),-54.0,INSPECTION_PASSED,2026-09-18 04:47 UTC,NORMAL,0.18
SHP-2026-195,TRK-295,DRV-107,Vancouver Pacific Processing Hub (BC),Frankfurt Airport Cold Logistics (FRA - Germany),Ted Stevens Anchorage Int'l Airport (ANC),En route on Interstate 5 / Hwy (Vancouver sector),-21.6,IN_TRANSIT,2026-09-18 13:47 UTC,NORMAL,0.21
SHP-2026-196,TRK-296,DRV-108,Seattle Pier 91 Logistics Center (WA),Seoul Incheon Cargo Terminal (ICN - South Korea),Vancouver Freight Gate B,En route on Interstate 5 / Hwy (Seattle sector),-53.7,IN_TRANSIT,2026-09-18 18:47 UTC,NORMAL,0.18
SHP-2026-197,TRK-297,DRV-101,Vancouver Pacific Processing Hub (BC),Shanghai Pudong Int'l Freight Hub (PVG - China),Los Angeles Freight Gateway 3,En route on Interstate 5 / Hwy (Vancouver sector),2.4,AT_PORT,2026-09-18 18:47 UTC,NORMAL,0.08
SHP-2026-198,TRK-298,DRV-101,Seattle Pier 91 Logistics Center (WA),Shanghai Pudong Int'l Freight Hub (PVG - China),Vancouver Freight Gate B,En route on Interstate 5 / Hwy (Seattle sector),4.7,AT_PORT,2026-09-18 22:47 UTC,NORMAL,0.16
SHP-2026-199,TRK-299,DRV-103,Kodiak Island Seafood Dock (AK),Los Angeles Int'l Cargo Center (LAX - USA),Port of Seattle Terminal 18,En route on Interstate 5 / Hwy (Kodiak sector),-51.3,AT_PORT,2026-09-18 11:47 UTC,NORMAL,0.19
SHP-2026-200,TRK-300,DRV-107,Seattle Pier 91 Logistics Center (WA),Shanghai Pudong Int'l Freight Hub (PVG - China),Seattle-Tacoma Cargo Gate 4 (SEA),En route on Interstate 5 / Hwy (Seattle sector),2.3,AT_PORT,2026-09-18 08:47 UTC,NORMAL,0.2
SHP-DEMO-2026-999,VEH-999,DRV-101,Portland Marine Cold Terminal,Los Angeles Cold Logistics Center,Los Angeles International Air Cargo (LAX),Portland Marine Cold Terminal,1.5,IN_TRANSIT,2026-09-02 18:00:00,NORMAL,0.1
